url,price_in_rp,title,address,district,city,property_type,land_size_m2,building_size_m2,bedrooms,bathrooms,carports
https://www.rumah123.com/properti/semarang-semarang-barat/dijual-rumah-di-cluster-taman-kayangan-bsb-mijen-all-in-5-juta-hos41449614/,473000000.0,Dijual Rumah di Cluster Taman Kayangan Bsb Mijen | All In 5 Juta By Prabowo Siswanto Property,"Semarang Barat, Semarang",Semarang Barat,Semarang,rumah,72.0,36.0,2.0,1.0,2.0
https://www.rumah123.com/properti/semarang-semarang-barat/rumah-di-candi-kalasan-semarang-si-me-6347-hos41065578/,2000000000.0,"Rumah di Candi Kalasan , Semarang Si Me 6347","Semarang Barat, Semarang",Semarang Barat,Semarang,rumah,288.0,350.0,4.0,2.0,4.0
https://www.rumah123.com/properti/semarang-semarang-tengah/rumah-di-jl-taman-seteran-vn0201-hos41067669/,2000000000.0,Rumah di Jl. Taman Seteran (Vn0201),"Semarang Tengah, Semarang",Semarang Tengah,Semarang,rumah,100.0,100.0,3.0,1.0,
https://www.rumah123.com/properti/semarang-semarang-barat/rumah-di-daerah-borobudur-manyaran-semarang-me-8024-hos41067286/,450000000.0,"Rumah di Daerah Borobudur Manyaran , Semarang ( Me 8024 )","Semarang Barat, Semarang",Semarang Barat,Semarang,rumah,74.0,42.0,2.0,1.0,1.0
https://www.rumah123.com/properti/semarang-semarang-barat/rumah-semarang-indah-semarang-de-7775-hos41227042/,1400000000.0,"Rumah Semarang Indah , Semarang ( De 7775)","Semarang Barat, Semarang",Semarang Barat,Semarang,rumah,240.0,220.0,3.0,2.0,4.0
https://www.rumah123.com/properti/semarang-semarang-tengah/rumah-mewah-full-furnished-tengah-kota-semarang-semenit-ke-simpanglima-hos17991484/,9500000000.0,Rumah Mewah Full Furnished Tengah Kota Semarang Semenit Ke Simpanglima,"Semarang Tengah, Semarang",Semarang Tengah,Semarang,rumah,297.0,550.0,4.0,3.0,2.0
https://www.rumah123.com/properti/semarang-bsb-city/rumah-di-aurora-terrace-bsb-village-semarang-ls-7993-hos41067080/,780000000.0,"Rumah di Aurora Terrace Bsb Village , Semarang ( Ls 7993 )","BSB City, Semarang",BSB City,Semarang,rumah,135.0,52.0,2.0,1.0,
https://www.rumah123.com/properti/semarang-jangli/dijual-rumah-di-jangli-semarang-hos39329696/,825000000.0,Dijual Rumah Di Jangli Semarang,"Jangli, Semarang",Jangli,Semarang,rumah,90.0,135.0,3.0,2.0,1.0
https://www.rumah123.com/properti/semarang-semarang-barat/rumah-kawasan-elit-di-graha-padma-semarang-hos41162203/,3900000000.0,Rumah Kawasan Elit di Graha Padma Semarang,"Semarang Barat, Semarang",Semarang Barat,Semarang,rumah,300.0,180.0,4.0,3.0,2.0
https://www.rumah123.com/properti/semarang-semarang-barat/rumah-mewah-2-lantai-semi-furnished-di-bukit-wahid-semarang-hos39916040/,6900000000.0,Rumah mewah 2 lantai semi furnished di Bukit Wahid Semarang,"Semarang Barat, Semarang",Semarang Barat,Semarang,rumah,542.0,335.0,5.0,4.0,2.0
https://www.rumah123.com/properti/surakarta-laweyan/rumah-bagus-call-08132912xxxx-di-kerten-laweyan-solo-hos41191327/,875000000.0,Rumah Bagus Call 0813xxxxxxxx di Kerten Laweyan Solo,"Laweyan, Surakarta",Laweyan,Surakarta,rumah,80.0,60.0,2.0,2.0,1.0
https://www.rumah123.com/properti/semarang-semarang-tengah/rumah-di-daerah-karang-wulan-semarang-tt-si-vn-8352-hos41068036/,3000000000.0,"Rumah di Daerah Karang Wulan , Semarang ( Tt Si Vn 8352 )","Semarang Tengah, Semarang",Semarang Tengah,Semarang,rumah,299.0,209.0,2.0,1.0,
https://www.rumah123.com/properti/surakarta-jebres/rumah-dijual-solo-di-mojosongo-jebres-surakarta-hos41191322/,500000000.0,Rumah Dijual Solo di Mojosongo Jebres Surakarta,"Jebres, Surakarta",Jebres,Surakarta,rumah,123.0,200.0,9.0,4.0,
https://www.rumah123.com/properti/sukoharjo-grogol/rumah-hook-bagus-idaman-keluarga-di-lokasi-premium-solo-baru-hos41199217/,4500000000.0,Rumah Hook Bagus Idaman Keluarga di Lokasi Premium Solo Baru,"Grogol, Sukoharjo",Grogol,Sukoharjo,rumah,269.0,295.0,5.0,4.0,3.0
https://www.rumah123.com/properti/semarang-banyumanik/rumah-mewah-dan-besar-di-sawunggaling-banyumanik-hos41134357/,5300000000.0,Rumah Mewah dan Besar di Sawunggaling Banyumanik,"Banyumanik, Semarang",Banyumanik,Semarang,rumah,300.0,600.0,5.0,5.0,3.0
https://www.rumah123.com/properti/semarang-ungaran-timur/hunian-nyaman-2kt-di-cluster-beji-akses-tol-mudah-hos41522020/,404000000.0,"Hunian Nyaman 2Kt di Cluster Beji, Akses Tol Mudah","Ungaran Timur, Semarang",Ungaran Timur,Semarang,rumah,64.0,40.0,2.0,1.0,1.0
https://www.rumah123.com/properti/solo-kartosuro/rumah-bagus-di-kartosuro-perum-safira-residence-solo-hos41547588/,1200000000.0,Rumah Bagus di Kartosuro Perum Safira Residence Solo,"Kartosuro, Solo",Kartosuro,Solo,rumah,121.0,60.0,2.0,1.0,1.0
https://www.rumah123.com/properti/semarang-pleburan/rumah-semi-furnish-di-pleburansingosari-semarang-hos40653661/,7500000000.0,"Rumah Semi Furnish di Pleburan, Tengah Kota Semarang","Semarang Tengah, Semarang",Semarang Tengah,Semarang,rumah,349.0,320.0,5.0,5.0,1.0
https://www.rumah123.com/properti/semarang-bsb-city/rumah-2-lantai-di-di-ivy-park-bsb-semarang-barat-hos41384239/,2700000000.0,Rumah 2 Lantai di di Ivy Park Bsb Semarang Barat,"BSB City, Semarang",BSB City,Semarang,rumah,200.0,150.0,5.0,5.0,1.0
https://www.rumah123.com/properti/semarang-jatingaleh/rumah-hook-di-perumahan-cluster-semi-furnish-dan-siap-dihuni-lokasi-jatingaleh-semarang-hos39026336/,850000000.0,"Rumah Hook di Perumahan Cluster, Semi Furnish dan Siap Dihuni , Lokasi Jatingaleh - Semarang","Jatingaleh, Semarang",Jatingaleh,Semarang,rumah,64.0,128.0,3.0,2.0,
https://www.rumah123.com/properti/solo-solo-baru/rumah-mewah-di-solo-baru-dekat-pakuwon-mall-hos41323801/,7500000000.0,Rumah Mewah di Solo Baru Dekat Pakuwon Mall,"Solo Baru, Solo",Solo Baru,Solo,rumah,240.0,300.0,7.0,5.0,4.0
https://www.rumah123.com/properti/solo-banjarsari/rumah-cluster-tengah-kota-di-gilingan-banjarsari-solo-hos41322998/,1400000000.0,Rumah Cluster Tengah Kota di Gilingan Banjarsari Solo,"Banjarsari, Solo",Banjarsari,Solo,rumah,116.0,180.0,,,
https://www.rumah123.com/properti/solo-jaten/rumah-mewah-dekat-kampus-uns-dan-rs-moewardi-solo-di-ngringo-jaten-hos41191034/,2700000000.0,Rumah Mewah Dekat Kampus Uns dan Rs Moewardi Solo di Ngringo Jaten,"Jaten, Solo",Jaten,Solo,rumah,252.0,375.0,5.0,4.0,4.0
https://www.rumah123.com/properti/semarang-ngaliyan/rumah-di-perum-graha-beringin-mas-ngaliyan-semarang-de-7468-hos41227038/,450000000.0,"Rumah di Perum Graha Beringin Mas , Ngaliyan Semarang ( De 7468 )","Ngaliyan, Semarang",Ngaliyan,Semarang,rumah,96.0,96.0,2.0,2.0,
https://www.rumah123.com/properti/solo-nusukan/rumah-dijual-solo-di-nusukan-banjarsari-surakarta-hos40984266/,900000000.0,Rumah Dijual Solo di Nusukan Banjarsari Surakarta,"Nusukan, Solo",Nusukan,Solo,rumah,165.0,200.0,5.0,3.0,1.0
https://www.rumah123.com/properti/semarang-bsb-city/jual-cepat-rumah-baru-victoria-highland-citraland-bsb-hos40944863/,1200000000.0,Jual Cepat Rumah Baru Victoria Highland Citraland Bsb,"BSB City, Semarang",BSB City,Semarang,rumah,120.0,58.0,2.0,1.0,1.0
https://www.rumah123.com/properti/semarang-banyumanik/rumah-mewah-di-citrasun-garden-ada-swimming-poll-hos39088506/,21000000000.0,Rumah Mewah di Citrasun Garden Ada Swimming Poll,"Banyumanik, Semarang",Banyumanik,Semarang,rumah,1046.0,1100.0,5.0,6.0,6.0
https://www.rumah123.com/properti/semarang-semarang-selatan/murah-pake-banget-rumah-dr-wahidin-loh-50-persen-di-bawah-njop-hos40519097/,2500000000.0,Murah Pake Banget Rumah Dr. Wahidin Loh! 50 Persen di Bawah NJOP!,"Semarang Selatan, Semarang",Semarang Selatan,Semarang,rumah,202.0,50.0,1.0,1.0,1.0
https://www.rumah123.com/properti/semarang-ungaran-barat/rumah-strategis-full-furnished-di-ungaran-barat-hos39531536/,6500000000.0,Rumah Strategis Full Furnished di Ungaran Barat,"Ungaran Barat, Semarang",Ungaran Barat,Semarang,rumah,685.0,400.0,6.0,7.0,2.0
https://www.rumah123.com/properti/semarang-bsb-city/rumah-mewahdi-puri-arga-golf-bsb-city-semarang-hos41518645/,27500000000.0,Rumah Mewahdi Puri Arga Golf Bsb City Semarang,"BSB City, Semarang",BSB City,Semarang,rumah,1357.0,1100.0,6.0,6.0,4.0
https://www.rumah123.com/properti/semarang-bsb-city/rumah-mewah-di-puri-arga-golf-bsb-semarang-1-menit-ke-uptownmall-hos41518027/,21000000000.0,Rumah Mewah di Puri Arga Golf Bsb Semarang 1 Menit ke Uptownmall,"BSB City, Semarang",BSB City,Semarang,rumah,600.0,900.0,4.0,6.0,4.0
https://www.rumah123.com/properti/semarang-semarang-tengah/bagus-dekat-rs-telogorejo-dan-simpang-lima-semarang-bagus-shm-hos40164688/,17000000000.0,Bagus ! Dekat Rs Telogorejo dan Simpang Lima Semarang ! Bagus SHM,"Semarang Tengah, Semarang",Semarang Tengah,Semarang,rumah,359.0,600.0,5.0,7.0,4.0
https://www.rumah123.com/properti/semarang-ngaliyan/rumah-di-anggabaya-homes-ngaliyan-semarang-me-7670-hos41067305/,662000000.0,"Rumah di Anggabaya Homes , Ngaliyan Semarang ( Me 7670 )","Ngaliyan, Semarang",Ngaliyan,Semarang,rumah,134.0,42.0,2.0,1.0,1.0
https://www.rumah123.com/properti/tegal-slawi/rumah-300-juta-di-slawi-hos41183227/,385000000.0,Rumah 300 Juta di Slawi,"Slawi, Tegal",Slawi,Tegal,rumah,100.0,40.0,2.0,1.0,1.0
https://www.rumah123.com/properti/solo-kartosuro/rumah-dijjal-cepat-lokasi-di-kartosuro-solo-sukoharjo-hos41190936/,3500000000.0,Rumah Dijual Kartosuro Lokasi di Kartosuro Solo Sukoharjo,"Kartosuro, Solo",Kartosuro,Solo,rumah,350.0,600.0,5.0,3.0,1.0
https://www.rumah123.com/properti/surakarta-serengan/rumah-dijual-di-solo-dekat-pasar-kembang-hos41418155/,2730000000.0,Rumah Dijual di Solo Dekat Pasar Kembang,"Serengan, Surakarta",Serengan,Surakarta,rumah,462.0,197.0,5.0,3.0,1.0
https://www.rumah123.com/properti/sragen-sragen/rumah-dijual-di-sragen-sehat-dan-nyaman-cluster-exclusive-masjid-fasilitas-lengkap-10-menit-ke-pintu-toll-sragen-hos41384413/,378000000.0,Rumah Dijual di Sragen | Sehat dan Nyaman Cluster Exclusive + Masjid + Fasilitas Lengkap + 10 Menit ke Pintu Toll Sragen,"Sragen, Sragen",Sragen,Sragen,rumah,80.0,36.0,2.0,1.0,1.0
https://www.rumah123.com/properti/sukoharjo-kartasura/rumah-dijual-di-solo-dekat-transmart-pabelan-hos41421011/,2550000000.0,Rumah Dijual di Solo Dekat Transmart Pabelan,"Kartasura, Sukoharjo",Kartasura,Sukoharjo,rumah,340.0,150.0,3.0,2.0,1.0
https://www.rumah123.com/properti/solo-kratonan/rumah-solo-dijual-area-kratonan-serengan-surakarta-hos41441354/,1600000000.0,"Rumah Solo Dijual, Area Kratonan, Serengan, Surakarta","Kratonan, Solo",Kratonan,Solo,rumah,190.0,136.0,3.0,2.0,1.0
https://www.rumah123.com/properti/solo-serengan/rumah-dijual-di-solo-dekat-pasar-gede-surakarta-hos41434457/,1600000000.0,"Rumah Dijual di Solo, Dekat Pasar Gede, Surakarta","Serengan, Solo",Serengan,Solo,rumah,190.0,136.0,3.0,2.0,
https://www.rumah123.com/properti/semarang-ngaliyan/rumah-1-lantai-shm-di-ngaliyan-hos41600832/,685000000.0,Rumah 1 Lantai SHM di Ngaliyan,"Ngaliyan, Semarang",Ngaliyan,Semarang,rumah,125.0,63.0,2.0,1.0,2.0
https://www.rumah123.com/properti/semarang-candisari/rumah-di-daerah-candisari-semarang-tt-4846-hos13245299/,11000000000.0,"Rumah di Daerah Candisari , Semarang Tt 4846","Candisari, Semarang",Candisari,Semarang,rumah,800.0,1200.0,4.0,4.0,4.0
https://www.rumah123.com/properti/semarang-semarang-timur/rumah-di-brigjend-katamso-semarang-tt-si-5273-hos14363353/,22500000000.0,"Rumah di Brigjend Katamso, Semarang Tt Si 5273","Semarang Timur, Semarang",Semarang Timur,Semarang,rumah,662.0,600.0,8.0,3.0,1.0
https://www.rumah123.com/properti/magelang-mungkit/rumah-minimalis-1-lantai-di-mungkid-70-m-ke-jalan-raya-jogjasemarang-hos40806582/,1000000000.0,Rumah Minimalis 1 Lantai di Mungkid - 70 M ke Jalan Raya Jogja-Semarang,"Mungkit, Magelang",Mungkit,Magelang,rumah,380.0,200.0,4.0,1.0,4.0
https://www.rumah123.com/properti/semarang-semarang-tengah/rumah-shm-di-semarang-tengah1-34-lantai-hos41124212/,8900000000.0,"Rumah, SHM, di Semarang Tengah,1 3/4 Lantai","Semarang Tengah, Semarang",Semarang Tengah,Semarang,rumah,335.0,225.0,6.0,4.0,2.0
https://www.rumah123.com/properti/semarang-plamongan/rumah-1-lantai-shm-di-plamongan-hos41122357/,725000000.0,"Rumah, 1 Lantai, SHM, di Plamongan,Jasmine Park","Plamongan, Semarang",Plamongan,Semarang,rumah,136.0,68.0,2.0,1.0,1.0
https://www.rumah123.com/properti/semarang-gajah-mungkur/rumah-tengah-kota-semarang-di-jl-tampomas-semarang-hos18057708/,2500000000.0,Rumah Tengah Kota Semarang di Tampomalo90,"Gajah Mungkur, Semarang",Gajah Mungkur,Semarang,rumah,243.0,230.0,5.0,5.0,1.0
https://www.rumah123.com/properti/purwodadi-purwodadi/rumah-bebas-banjir-hos41308491/,2000000000.0,Rumah Bagus dan Bebas Banjir di Lingkungan Strategis,"Purwodadi, Purwodadi",Purwodadi,Purwodadi,rumah,376.0,400.0,6.0,4.0,3.0
https://www.rumah123.com/properti/semarang-srondol/rumah-dijual-srondol-semarang-lokasi-strategis-hos40911630/,1000000000.0,"Rumah Dijual Srondol Semarang, Lokasi Strategis","Srondol, Semarang",Srondol,Semarang,rumah,116.0,90.0,2.0,2.0,1.0
https://www.rumah123.com/properti/salatiga-salatiga/rumah-di-salatiga-tt-8643-hos41361776/,2300000000.0,Rumah di Salatiga ( Tt 8643 ),"Salatiga, Salatiga",Salatiga,Salatiga,rumah,300.0,250.0,6.0,4.0,2.0
https://www.rumah123.com/properti/semarang-tembalang/rumah-exclusive-akses-tol-banyumanik-undip-hos39967453/,1400000000.0,Rumah Exclusive Akses Tol Banyumanik Undip,"Tembalang, Semarang",Tembalang,Semarang,rumah,105.0,90.0,3.0,2.0,1.0
https://www.rumah123.com/properti/semarang-tembalang/runah-graha-wahid-lokasi-strategis-murah-dijual-cepat-hos40334655/,1550000000.0,Rumah Graha Wahid Lokasi Strategis Murah Dijual Cepat,"Tembalang, Semarang",Tembalang,Semarang,rumah,199.0,120.0,4.0,3.0,2.0
https://www.rumah123.com/properti/semarang-semarang-barat/rumah-di-puri-mediterania-semarang-vn-tt-8274-hos40271440/,1600000000.0,"Rumah di Puri Mediterania , Semarang ( Vn Tt 8274 )","Semarang Barat, Semarang",Semarang Barat,Semarang,rumah,144.0,145.0,3.0,2.0,
https://www.rumah123.com/properti/semarang-tembalang/rumah-mewah-dengan-kolam-renang-di-bulusan-tembalang-semarang-hos41144896/,5500000000.0,Rumah Mewah Semi Furnished Ada Kolam Renang di Bulusan Tembalang,"Tembalang, Semarang",Tembalang,Semarang,rumah,575.0,500.0,7.0,4.0,1.0
https://www.rumah123.com/properti/semarang-banyumanik/rumah-2-lantai-ada-view-di-gombel-semarang-selatan-hos39129601/,12000000000.0,Rumah 2 Lantai Ada View Di Gombel Semarang Selatan,"Banyumanik, Semarang",Banyumanik,Semarang,rumah,1188.0,1000.0,6.0,5.0,7.0
https://www.rumah123.com/properti/semarang-banyumanik/rumah-di-bukit-sari-ngesrep-banyumanik-semarang-hos41547980/,2000000000.0,"Rumah 2 Lantai di Bukit Sari, Murah","Banyumanik, Semarang",Banyumanik,Semarang,rumah,210.0,269.0,4.0,3.0,2.0
https://www.rumah123.com/properti/klaten-ngawen/rumah-klaten-dijual-dekat-matahari-klaten-hos41320354/,2000000000.0,Rumah Klaten Dijual Dekat Matahari Klaten,"Ngawen, Klaten",Ngawen,Klaten,rumah,900.0,200.0,2.0,2.0,2.0
https://www.rumah123.com/properti/solo-kartosuro/rumah-dijual-di-kartasura-dekat-ums-hos41325332/,750000000.0,Rumah Dijual di Kartasura Dekat Ums,"Kartosuro, Solo",Kartosuro,Solo,rumah,84.0,140.0,4.0,3.0,1.0
https://www.rumah123.com/properti/semarang-semarang-selatan/rumah-bagus-pembayaran-mudah-di-pudakpayung-semarang-hos41543457/,1800000000.0,Rumah Bagus Pembayaran Mudah di Pudakpayung Semarang,"Semarang Selatan, Semarang",Semarang Selatan,Semarang,rumah,297.0,290.0,4.0,2.0,2.0
https://www.rumah123.com/properti/semarang-gajah-mungkur/dijual-rumah-murah-di-jl-menoreh-semarang-hos41395268/,4300000000.0,Dijual Rumah Bagus Murah di Jl Menoreh Sampangan.semarang,"Gajah Mungkur, Semarang",Gajah Mungkur,Semarang,rumah,590.0,350.0,5.0,3.0,4.0
https://www.rumah123.com/properti/surakarta-serengan/rumah-lelang-permata-bank-serengan-kota-surakarta-hos19484261/,4340000000.0,"Rumah Lelang Permata Bank Serengan, Kota Surakarta","Serengan, Surakarta",Serengan,Surakarta,rumah,489.0,541.0,1.0,1.0,
https://www.rumah123.com/properti/semarang-ngaliyan/rumah-tinggal-perum-kalasan-residence-hos38835218/,736000000.0,Rumah Tinggal Perum Kalasan Residence,"Ngaliyan, Semarang",Ngaliyan,Semarang,rumah,194.0,58.0,,,
https://www.rumah123.com/properti/banyumas-purwokerto-timur/rumah-tinggal-perumahan-graha-timur-8-hos38996584/,1150000000.0,Rumah Tinggal Perumahan Graha Timur 8,"Purwokerto Timur, Banyumas",Purwokerto Timur,Banyumas,rumah,94.0,36.0,,,
https://www.rumah123.com/properti/salatiga-argomulyo/rumah-1-lantai-shm-di-argomulyo-bebas-banjir-view-pegunungan-hos41579148/,450000000.0,"Rumah, 1 Lantai, SHM, di Argomulyo, Bebas Banjir, View Pegunungan","Argomulyo, Salatiga",Argomulyo,Salatiga,rumah,41.0,84.0,2.0,1.0,1.0
https://www.rumah123.com/properti/semarang-gayamsari/rumah-bagus-unfurnished-shm-siap-huni-di-sendangsari-semarang-hos19087775/,450000000.0,Rumah Bagus Unfurnished SHM Siap Huni di Sendangsari Semarang,"Gayamsari, Semarang",Gayamsari,Semarang,rumah,140.0,80.0,3.0,1.0,1.0
https://www.rumah123.com/properti/semarang-semarang-barat/rumah-di-sri-rejeki-semarang-barat-si-3504-hos41065251/,1350000000.0,"Rumah di Sri Rejeki , Semarang Barat ( Si 3504 )","Semarang Barat, Semarang",Semarang Barat,Semarang,rumah,241.0,200.0,4.0,2.0,2.0
https://www.rumah123.com/properti/semarang-banyumanik/rumah-mewah-2-lantai-banyumanik-semarang-ada-kolam-renang-shm-dekat-tol-hos41380819/,1140000000.0,Rumah Mewah 2 Lantai Banyumanik Semarang - Ada Kolam Renang (Shm) - Dekat Tol,"Banyumanik, Semarang",Banyumanik,Semarang,rumah,75.0,104.0,3.0,2.0,1.0
https://www.rumah123.com/properti/magelang-borobudur/rumah-semi-etnik-lokasi-strategis-kawasan-wisata-borobudur-magelang-hos41433252/,600000000.0,Rumah Semi Etnik Lokasi Strategis Kawasan Wisata Borobudur Magelang,"Borobudur, Magelang",Borobudur,Magelang,rumah,116.0,65.0,3.0,2.0,
https://www.rumah123.com/properti/salatiga-salatiga/rumah-bagus-di-dukuh-salatiga-jawa-tengah-hos41444810/,5000000000.0,"Rumah Bagus di Dukuh, Salatiga, Jawa Tengah","Salatiga, Salatiga",Salatiga,Salatiga,rumah,1439.0,360.0,6.0,4.0,
https://www.rumah123.com/properti/surakarta-banjarsari/rumah-murah-aset-bsi-di-surakarta-jawa-tengah-hos41433782/,1970000000.0,"Rumah Murah Aset Bsi di Surakarta, Jawa Tengah","Banjarsari, Surakarta",Banjarsari,Surakarta,rumah,595.0,686.0,,,
https://www.rumah123.com/properti/semarang-tembalang/rumah-murah-aset-bsi-di-semarang-jawa-tengah-hos41433770/,5200000000.0,"Rumah Murah Aset Bsi di Semarang, Jawa Tengah","Tembalang, Semarang",Tembalang,Semarang,rumah,646.0,221.0,,,
https://www.rumah123.com/properti/purbalingga-bojongsari/rumah-dijual-bojong-sari-hos41372607/,833000000.0,Rumah Dijual Bojong Sari,"Bojongsari, Purbalingga",Bojongsari,Purbalingga,rumah,117.0,45.0,,,
https://www.rumah123.com/properti/surakarta-jebres/rumah-dijual-jebres-hos41372263/,305000000.0,Rumah Dijual Jebres.,"Jebres, Surakarta",Jebres,Surakarta,rumah,150.0,110.0,2.0,1.0,
https://www.rumah123.com/properti/sukoharjo-kartasura/rumah-dijual-kartasura-hos41372262/,1440000000.0,Rumah Dijual Kartasura,"Kartasura, Sukoharjo",Kartasura,Sukoharjo,rumah,182.0,106.0,4.0,4.0,
https://www.rumah123.com/properti/ambarawa-ambarawa/rumah-dijual-ambarawa-hos41377120/,208000000.0,Rumah Dijual Ambarawa,"Ambarawa, Ambarawa",Ambarawa,Ambarawa,rumah,204.0,135.0,2.0,1.0,
https://www.rumah123.com/properti/klaten-pedan/rumah-dijual-pedan-hos41372141/,579000000.0,Rumah Dijual Pedan,"Pedan, Klaten",Pedan,Klaten,rumah,670.0,239.0,,,
https://www.rumah123.com/properti/klaten-pedan/rumah-dijual-pedan-hos41372140/,774000000.0,Rumah Dijual Pedan,"Pedan, Klaten",Pedan,Klaten,rumah,600.0,455.0,3.0,1.0,
https://www.rumah123.com/properti/karanganyar-tasikmadu/rumah-dijual-tasikmadu-hos41372139/,180000000.0,Rumah Dijual Tasikmadu,"Tasikmadu, Karanganyar",Tasikmadu,Karanganyar,rumah,84.0,70.0,2.0,1.0,
https://www.rumah123.com/properti/karanganyar-tasikmadu/rumah-dijual-tasikmadu-hos41372138/,215000000.0,Rumah Dijual Tasikmadu,"Tasikmadu, Karanganyar",Tasikmadu,Karanganyar,rumah,80.0,36.0,2.0,1.0,
https://www.rumah123.com/properti/karanganyar-mojogedang/rumah-dijual-mojogedang-hos41372137/,348000000.0,Rumah Dijual Mojogedang,"Mojogedang, Karanganyar",Mojogedang,Karanganyar,rumah,1278.0,204.0,3.0,2.0,
https://www.rumah123.com/properti/boyolali-mojosongo/rumah-dijual-mojosongo-hos41372136/,270000000.0,Rumah Dijual Mojosongo.,"Mojosongo, Boyolali",Mojosongo,Boyolali,rumah,69.0,32.0,2.0,1.0,
https://www.rumah123.com/properti/blora-kedungtuban/rumah-dijual-kedungtuban-hos41372135/,745000000.0,Rumah Dijual Kedungtuban,"Kedungtuban, Blora",Kedungtuban,Blora,rumah,1900.0,256.0,,,
https://www.rumah123.com/properti/semarang-semarang-barat/mewah-siap-huni-dekat-ke-binus-dan-bandara-hos41371912/,12000000000.0,Mewah Murah American Classic Tengah Kota Semarang !,"Semarang Barat, Semarang",Semarang Barat,Semarang,rumah,598.0,900.0,8.0,8.0,4.0
https://www.rumah123.com/properti/semarang-mijen/rumah-dekat-jalan-raya-jatisari-semarang-hos41571618/,735000000.0,Rumah Dekat Jalan Raya Jatisari Semarang,"Mijen, Semarang",Mijen,Semarang,rumah,140.0,100.0,3.0,1.0,3.0
https://www.rumah123.com/properti/semarang-bsb-city/bonus-furnished-rumah-forest-hill-citraland-bsb-city-hos19491555/,950000000.0,Bonus Furnished Rumah Forest Hill Citraland Bsb City,"BSB City, Semarang",BSB City,Semarang,rumah,120.0,48.0,2.0,1.0,2.0
https://www.rumah123.com/properti/semarang-bsb-city/include-furnished-kolam-renang-rumah-mewah-puri-arga-golf-hos40425805/,11000000000.0,Include furnished + kolam renang rumah mewah PURI ARGA GOLF,"BSB City, Semarang",BSB City,Semarang,rumah,450.0,335.0,5.0,5.0,5.0
https://www.rumah123.com/properti/solo-colomadu/rumah-konsep-villa-ala-bali-area-colomadu-hos41483203/,14500000000.0,Rumah Konsep Villa Ala Bali Area Colomadu,"Colomadu, Solo",Colomadu,Solo,rumah,2000.0,1000.0,4.0,4.0,5.0
https://www.rumah123.com/properti/semarang-ngaliyan/rumah-hook-dalam-cluster-ngaliyan-dekat-tol-dan-kawasan-industri-hos41564207/,775000000.0,Rumah Hook Dalam Cluster Ngaliyan Dekat Tol dan Kawasan Industri,"Ngaliyan, Semarang",Ngaliyan,Semarang,rumah,120.0,50.0,2.0,1.0,1.0
https://www.rumah123.com/properti/semarang-banyumanik/rumah-bagus-di-sawunggaling-timur-semarang-hos40341617/,1450000000.0,Rumah Bagus di Sawunggaling Timur Semarang,"Banyumanik, Semarang",Banyumanik,Semarang,rumah,240.0,190.0,4.0,2.0,
https://www.rumah123.com/properti/semarang-bsb-city/murah-banget-nih-rumah-di-naraya-bsb-lokasi-di-boulevard-include-furnished-hos16013255/,2400000000.0,Murah Banget Nih Rumah di Naraya Bsb Lokasi di Boulevard Include Furnished,"BSB City, Semarang",BSB City,Semarang,rumah,177.0,135.0,3.0,3.0,2.0
https://www.rumah123.com/properti/boyolali-boyolali-kota/rumah-dijual-murah-boyolali-di-pulisen-boyolali-kota-3-menit-dari-kopi-mujur-boyolali-hos41195739/,675000000.0,Rumah Dijual Murah Boyolali di Pulisen Boyolali Kota 3 Menit Dari Kopi Mujur Boyolali,"Boyolali Kota, Boyolali",Boyolali Kota,Boyolali,rumah,243.0,150.0,4.0,2.0,1.0
https://www.rumah123.com/properti/semarang-sekayu/rumah-di-taman-beringin-semarang-tengah-hos39375555/,10000000000.0,Rumah di Taman Beringin Semarang Tengah,"Sekayu, Semarang",Sekayu,Semarang,rumah,735.0,,,,
https://www.rumah123.com/properti/semarang-candi-golf/rumah-mewah-cornwall-di-cluster-royalle-candi-golf-semarang-view-bukit-hos39875336/,8000000000.0,Rumah Mewah Cornwall Di Cluster Royalle Candi Golf Semarang View Bukit,"Candi Golf, Semarang",Candi Golf,Semarang,rumah,308.0,328.0,4.0,4.0,3.0
https://www.rumah123.com/properti/cilacap-cilacap/rumah-mewah-pinggir-jalan-provinsi-cocok-usaha-investasi-hos41519840/,1600000000.0,Rumah Mewah Pinggir Jalan Provinsi - Cocok Usaha / Investasi,"Cilacap, Cilacap",Cilacap,Cilacap,rumah,320.0,463.0,4.0,4.0,1.0
https://www.rumah123.com/properti/solo-banjarsari/rumah-mewah-harga-affordable-di-adisumarmo-regency-colomadu-hos41283637/,849000000.0,Rumah Mewah Harga Affordable di Adisumarmo Regency Colomadu,"Banjarsari, Solo",Banjarsari,Solo,rumah,83.0,150.0,3.0,2.0,1.0
https://www.rumah123.com/properti/semarang-semarang-barat/jual-rumah-di-kota-semarang-tipe-48lt120m2-2-kamar-tidur-1-kamar-mandi-beranda-bali-payon-amartha-kota-semarang-hos39082690/,999000000.0,JUAL RUMAH DI KOTA SEMARANG | TIPE 48-LT.120m2 ( 2 kamar tidur + 1 kamar mandi ) | BERANDA BALI PAYON AMARTHA KOTA SEMARANG,"Semarang Barat, Semarang",Semarang Barat,Semarang,rumah,120.0,48.0,2.0,1.0,2.0
https://www.rumah123.com/properti/semarang-semarang-barat/rumah-di-paramount-village-simongan-dekat-rs-karyadi-hos39673427/,1800000000.0,Rumah di Paramount Village Simongan Dekat Rs Karyadi,"Semarang Barat, Semarang",Semarang Barat,Semarang,rumah,96.0,115.0,4.0,3.0,1.0
https://www.rumah123.com/properti/semarang-gajah-mungkur/rumah-mewah-baru-di-gajahmungkur-semarang-hos40609178/,13000000000.0,Rumah Mewah Baru di Gajahmungkur Semarang,"Gajah Mungkur, Semarang",Gajah Mungkur,Semarang,rumah,715.0,380.0,6.0,5.0,
https://www.rumah123.com/properti/sukoharjo-kartasura/dijual-rumah-siap-pakai-di-perumahan-cluster-kartasura-hos41088335/,1570000000.0,Dijual Rumah Siap Pakai di Perumahan Cluster Kartasura,"Kartasura, Sukoharjo",Kartasura,Sukoharjo,rumah,120.0,100.0,3.0,3.0,
https://www.rumah123.com/properti/semarang-bsb-city/rumah-di-victoria-valley-bsb-city-semarang-me-7639-hos41067339/,3700000000.0,"Rumah di Victoria Valley , Bsb City Semarang ( Me 7639 )","BSB City, Semarang",BSB City,Semarang,rumah,180.0,200.0,5.0,4.0,3.0
https://www.rumah123.com/properti/purwokerto-purwokerto-timur/rumah-nyaman-lokasi-strategis-di-kranji-purwokerto-timur-hos39918260/,1750000000.0,"Rumah Nyaman Lokasi Strategis di Kranji, Purwokerto Timur","Purwokerto Timur, Purwokerto",Purwokerto Timur,Purwokerto,rumah,370.0,150.0,4.0,3.0,2.0
https://www.rumah123.com/properti/sukoharjo-kartasura/rumah-di-solo-dijual-murah-dekat-transmart-pabelan-hos40983673/,2550000000.0,Rumah di Solo Dijual Murah Dekat Transmart Pabelan,"Kartasura, Sukoharjo",Kartasura,Sukoharjo,rumah,340.0,150.0,3.0,2.0,1.0
https://www.rumah123.com/properti/sukoharjo-kartasura/dijual-rumah-cluster-kartasura-solo-dekat-kampus-uin-hos41199304/,750000000.0,Dijual Rumah Cluster Kartasura Solo Dekat Kampus Uin,"Kartasura, Sukoharjo",Kartasura,Sukoharjo,rumah,99.0,90.0,3.0,2.0,1.0
https://www.rumah123.com/properti/semarang-semarang-selatan/rumah-di-jalan-tentara-pelajar-semarang-si-4918-hos41065263/,12000000000.0,"Rumah di Jalan Tentara Pelajar, Semarang Si 4918","Semarang Selatan, Semarang",Semarang Selatan,Semarang,rumah,385.0,650.0,2.0,1.0,
https://www.rumah123.com/properti/sukoharjo-kartasura/rumah-baru-minimalis-modern-gumpang-kartasura-solo-hos41199305/,1400000000.0,Rumah Baru Minimalis Modern Gumpang Kartasura Solo,"Kartasura, Sukoharjo",Kartasura,Sukoharjo,rumah,125.0,250.0,4.0,3.0,1.0
https://www.rumah123.com/properti/sukoharjo-mojolaban/dijual-rumah-di-solo-dekat-kampus-uns-hos41199355/,600000000.0,Dijual Rumah di Solo Dekat Kampus Uns,"Mojolaban, Sukoharjo",Mojolaban,Sukoharjo,rumah,81.0,130.0,3.0,2.0,1.0
https://www.rumah123.com/properti/sukoharjo-gatak/dijual-rumah-solo-dekat-masjid-al-aqsha-hos41199350/,750000000.0,Dijual Rumah Solo Dekat Masjid Al Aqsha,"Gatak, Sukoharjo",Gatak,Sukoharjo,rumah,90.0,120.0,2.0,2.0,1.0
https://www.rumah123.com/properti/salatiga-salatiga/rumah-siap-huni-lokasi-strategis-di-cluster-greenwood-residence-argomulyo-salatiga-hos19169433/,529000000.0,"Rumah Siap Huni Lokasi Strategis di Cluster Greenwood Residence, Argomulyo, Salatiga","Salatiga, Salatiga",Salatiga,Salatiga,rumah,95.0,60.0,2.0,1.0,1.0
https://www.rumah123.com/properti/solo-gentan/kalila-residence-mangesti-raya-hos40353214/,1000000000.0,Kalila Residence Mangesti Raya,"Gentan, Solo",Gentan,Solo,rumah,96.0,70.0,3.0,2.0,2.0
https://www.rumah123.com/properti/semarang-banyumanik/rumah-siap-huni-serasa-baru-di-pudakpayung-banyumanik-hos41246303/,399000000.0,"Rumah Siap Huni Serasa Baru, di Pudakpayung Banyumanik","Banyumanik, Semarang",Banyumanik,Semarang,rumah,70.0,70.0,2.0,1.0,2.0
https://www.rumah123.com/properti/semarang-tembalang/rumah-permata-hijau-tembalang-semarang-hos39246830/,3350000000.0,"Rumah Permata Hijau Tembalang, Semarang","Tembalang, Semarang",Tembalang,Semarang,rumah,369.0,372.0,5.0,4.0,1.0
https://www.rumah123.com/properti/solo-colomadu/rumah-baru-area-colomadu-hos41511423/,800000000.0,Rumah Baru Minimalis Lokasi Strategis di Colomadu Dekat Akses Tol,"Colomadu, Solo",Colomadu,Solo,rumah,110.0,120.0,3.0,1.0,1.0
https://www.rumah123.com/properti/klaten-klaten-tengah/rumah-klaten-kota-dekat-alunalun-klaten-hos41260281/,1100000000.0,"Rumah Klaten Dijual, Dekat Alun-Alun Klaten","Klaten Tengah, Klaten",Klaten Tengah,Klaten,rumah,140.0,90.0,3.0,2.0,1.0
https://www.rumah123.com/properti/surakarta-laweyan/rumah-mewah-dijual-di-solo-dekat-solo-grand-mall-hos41417109/,12500000000.0,Rumah Mewah Dijual di Solo Dekat Solo Grand Mall,"Laweyan, Surakarta",Laweyan,Surakarta,rumah,630.0,600.0,6.0,4.0,6.0
https://www.rumah123.com/properti/solo-jebres/rumah-baru-dijual-di-solo-dekat-taman-jaya-wijaya-hos41416926/,1200000000.0,Rumah Baru Dijual di Solo Dekat Taman Jaya Wijaya,"Jebres, Solo",Jebres,Solo,rumah,98.0,150.0,3.0,3.0,1.0
https://www.rumah123.com/properti/solo-laweyan/rumah-baru-solo-murah-dekat-lottemart-hos16625161/,1250000000.0,Rumah Baru Solo Murah Dekat Lottemart,"Laweyan, Solo",Laweyan,Solo,rumah,111.0,60.0,3.0,1.0,1.0
https://www.rumah123.com/properti/surakarta-laweyan/rumah-dijual-di-solo-dekat-solo-paragon-mall-hos41418168/,12500000000.0,Rumah Dijual di Solo Dekat Solo Paragon Mall,"Laweyan, Surakarta",Laweyan,Surakarta,rumah,963.0,200.0,8.0,4.0,1.0
https://www.rumah123.com/properti/solo-banjarsari/dijual-cepat-rumah-murah-di-solo-dekat-pasar-nusukan-hos40146237/,1800000000.0,Dijual Cepat Rumah Murah di Solo Dekat Pasar Nusukan,"Banjarsari, Solo",Banjarsari,Solo,rumah,173.0,220.0,4.0,3.0,3.0
https://www.rumah123.com/properti/sukoharjo-sukoharjo/rumah-solo-dijual-dekat-luwes-palur-hos41416722/,680000000.0,Rumah Solo Dijual Dekat Luwes Palur,"Sukoharjo, Sukoharjo",Sukoharjo,Sukoharjo,rumah,100.0,75.0,2.0,1.0,1.0
https://www.rumah123.com/properti/sukoharjo-mojolaban/rumah-dijual-di-solo-dekat-indogrosir-palur-hos41393103/,425000000.0,Rumah Dijual di Solo Dekat Indogrosir Palur,"Mojolaban, Sukoharjo",Mojolaban,Sukoharjo,rumah,90.0,45.0,2.0,1.0,1.0
https://www.rumah123.com/properti/solo-jebres/rumah-dijual-di-solo-dekat-kampus-uns-cluster-exclusive-hos15848959/,1300000000.0,Rumah Dijual di Solo Dekat Kampus Uns Cluster Exclusive,"Jebres, Solo",Jebres,Solo,rumah,98.0,120.0,3.0,3.0,1.0
https://www.rumah123.com/properti/solo-colomadu/rumah-cluster-murah-dekat-pintu-tol-colomadu-hos40141410/,490000000.0,Dijual Rumah di Solo Barat Cluster Dekat Pintu Tol Colomadu,"Colomadu, Solo",Colomadu,Solo,rumah,100.0,55.0,2.0,1.0,1.0
https://www.rumah123.com/properti/cilacap-jeruklegi/rumah-baru-shm-2-lantai-dekat-rawa-bendungan-dan-kota-cilacap-hos39548860/,725000000.0,Rumah Baru Shm 2 Lantai Dekat Rawa Bendungan Dan Kota Cilacap,"Jeruklegi, Cilacap",Jeruklegi,Cilacap,rumah,78.0,108.0,4.0,3.0,2.0
https://www.rumah123.com/properti/semarang-tembalang/dijual-rumah-di-dalam-kawasan-elit-yellow-leaf-citragrand-semarang-hos41544311/,1600000000.0,Dijual Rumah di Dalam Kawasan Elit Yellow Leaf Citragrand Semarang,"Tembalang, Semarang",Tembalang,Semarang,rumah,120.0,69.0,2.0,1.0,
https://www.rumah123.com/properti/semarang-pedurungan/dijual-rumah-semi-furnish-di-perum-griya-medoho-semarang-hos41104797/,800000000.0,Dijual Rumah Semi Furnish di Perum Griya Medoho Semarang,"Pedurungan, Semarang",Pedurungan,Semarang,rumah,111.0,1.0,4.0,1.0,1.0
https://www.rumah123.com/properti/klaten-klaten-tengah/rumah-mewah-2-lantai-dekat-jl-jogja-solo-dan-pemda-klaten-hos41430277/,600000000.0,Rumah Mewah 2 Lantai Dekat Jl. Jogja Solo dan Pemda Klaten,"Klaten Tengah, Klaten",Klaten Tengah,Klaten,rumah,91.0,95.0,3.0,2.0,2.0
https://www.rumah123.com/properti/semarang-banyumanik/perumahan-mewah-termurah-dekat-kodam-banyumanik-semarang-atas-hos40001301/,644000000.0,Perumahan Mewah Termurah Dekat Kodam Banyumanik Semarang Atas,"Banyumanik, Semarang",Banyumanik,Semarang,rumah,60.0,72.0,3.0,2.0,2.0
https://www.rumah123.com/properti/semarang-pedurungan/rumah-baru-palebon-majapahit-raya-deket-banget-tengah-kota-semarang-hos41543182/,1850000000.0,Rumah Baru Palebon Majapahit Raya Deket Banget Tengah Kota Semarang,"Pedurungan, Semarang",Pedurungan,Semarang,rumah,80.0,162.0,3.0,3.0,2.0
https://www.rumah123.com/properti/surakarta-laweyan/rumah-mewah-dijual-di-solo-tengah-kota-hos17541073/,7000000000.0,Rumah Mewah Dijual di Solo Tengah Kota,"Laweyan, Surakarta",Laweyan,Surakarta,rumah,372.0,500.0,6.0,6.0,
https://www.rumah123.com/properti/semarang-mijen/rumah-minimalis-dekat-town-mall-bsb-mijen-hos41210688/,675000000.0,Rumah Murah Dekat Town Mall Bsb Mijen,"Mijen, Semarang",Mijen,Semarang,rumah,120.0,60.0,3.0,2.0,1.0
https://www.rumah123.com/properti/boyolali-ngemplak/dijual-rumah-full-furnished-dekat-pintu-tol-klodran-hos41319987/,775000000.0,Dijual Rumah Full Furnished Dekat Pintu Tol Klodran,"Ngemplak, Boyolali",Ngemplak,Boyolali,rumah,90.0,150.0,5.0,2.0,1.0
https://www.rumah123.com/properti/solo-solo-baru/rumah-baru-murah-di-solo-baru-dekat-grogol-solo-hos39344609/,500000000.0,Rumah Baru Murah di Solo Baru Dekat Grogol Solo,"Solo Baru, Solo",Solo Baru,Solo,rumah,80.0,45.0,2.0,1.0,2.0
https://www.rumah123.com/properti/solo-solo-baru/rumah-siap-huni-gedangan-permai-dekat-solo-baru-hos16815918/,700000000.0,Rumah siap huni gedangan permai dekat solo baru,"Solo Baru, Solo",Solo Baru,Solo,rumah,90.0,70.0,1.0,2.0,
https://www.rumah123.com/properti/semarang-candi-golf/dijual-rumah-bagus-2-lt-shm-siap-huni-montana-golf-hos41452015/,4500000000.0,Dijual Rumah Bagus 2 LT SHM Siap Huni Montana Golf,"Candi Golf, Semarang",Candi Golf,Semarang,rumah,160.0,145.0,4.0,4.0,1.0
https://www.rumah123.com/properti/solo-jebres/rumah-hook-murah-di-solo-dekat-taman-jaya-wijaya-mojosongo-hos41274437/,400000000.0,Rumah Hook Murah di Solo Dekat Taman Jaya Wijaya Mojosongo,"Jebres, Solo",Jebres,Solo,rumah,83.0,120.0,2.0,2.0,
https://www.rumah123.com/properti/solo-colomadu/rumah-dijual-di-solo-colomadu-dekat-rs-jih-solo-hos41578102/,925000000.0,Rumah Dijual di Solo Colomadu Dekat Rs Jih Solo,"Colomadu, Solo",Colomadu,Solo,rumah,120.0,100.0,2.0,2.0,1.0
https://www.rumah123.com/properti/semarang-ungaran-timur/rumah-di-ungaran-hl-7285-hos40035768/,2850000000.0,Rumah di Ungaran Hl 7285,"Ungaran Timur, Semarang",Ungaran Timur,Semarang,rumah,374.0,250.0,5.0,2.0,3.0
https://www.rumah123.com/properti/karanganyar-colomadu/rumah-cantik-di-cluster-elite-colomadu-solo-barat-hos15894416/,725000000.0,Rumah cantik di Cluster elite Colomadu Solo Barat,"Colomadu, Karanganyar",Colomadu,Karanganyar,rumah,103.0,70.0,2.0,1.0,1.0
https://www.rumah123.com/properti/semarang-sampangan/rumah-dan-toko-strategis-pinggir-jalan-raya-di-kelud-shm-hos17135913/,8500000000.0,Rumah Dan Toko Strategis Pinggir Jalan Raya Di Kelud Shm,"Sampangan, Semarang",Sampangan,Semarang,rumah,700.0,350.0,6.0,5.0,2.0
https://www.rumah123.com/properti/sukoharjo-baki/rumah-second-cluster-mewah-furnish-gentan-baki-hos16912981/,2200000000.0,Rumah Mewah 2 LT Furnish Cluster Gentan Skh,"Baki, Sukoharjo",Baki,Sukoharjo,rumah,153.0,181.0,4.0,3.0,1.0
https://www.rumah123.com/properti/semarang-gajah-mungkur/dijual-perumahan-palm-hill-semarang-dt-hos41351746/,3500000000.0,"Dijual Perumahan Palm Hill, Semarang (Dt)","Gajah Mungkur, Semarang",Gajah Mungkur,Semarang,rumah,201.0,246.0,6.0,3.0,2.0
https://www.rumah123.com/properti/purwokerto-purwokerto-utara/jual-murah-bu-rumah-perum-sapphire-estate-sumampir-dekat-kampus-unsoed-purwokerto-hos17221731/,1250000000.0,Jual Murah Bu Rumah Perum Sapphire Estate Sumampir Dekat Kampus Unsoed Purwokerto,"Purwokerto Utara, Purwokerto",Purwokerto Utara,Purwokerto,rumah,248.0,140.0,4.0,3.0,3.0
https://www.rumah123.com/properti/semarang-candi-golf/rumah-baru-cluster-buverly-di-candi-golf-semarang-hos18982979/,2900000000.0,Rumah Baru Cluster Buverly Di Candi Golf Semarang,"Candi Golf, Semarang",Candi Golf,Semarang,rumah,98.0,145.0,4.0,3.0,2.0
https://www.rumah123.com/properti/semarang-tembalang/rumah-mewah-bagus-di-durenan-mangunharjo-semarang-15-menit-ke-undip-hos40291359/,14000000000.0,Rumah Mewah Bagus Di Durenan Mangunharjo Semarang 15 Menit Ke Undip,"Tembalang, Semarang",Tembalang,Semarang,rumah,1940.0,764.0,5.0,3.0,3.0
https://www.rumah123.com/properti/semarang-gajah-mungkur/rumah-dan-tempat-usaha-di-jalan-raya-kelud-gajah-mungkur-semarang-cocok-untuk-toko-hos39731117/,8500000000.0,Rumah Dan Tempat Usaha Di Jalan Raya Kelud Gajah Mungkur Semarang Cocok Untuk Toko,"Gajah Mungkur, Semarang",Gajah Mungkur,Semarang,rumah,700.0,350.0,5.0,4.0,2.0
https://www.rumah123.com/properti/solo-semanggi/rumah-cantik-desain-tropical-modern-deket-semanggi-pasar-kliwon-hos10781491/,440000000.0,Rumah Cantik Desain Tropical Modern Deket Semanggi Pasar Kliwon,"Semanggi, Solo",Semanggi,Solo,rumah,81.0,45.0,2.0,1.0,1.0
https://www.rumah123.com/properti/solo-banjarsari/rumah-dijual-di-solo-dekat-akper-husada-hos41411486/,5900000000.0,Rumah Dijual di Solo Kadipiro Banjarsari Dekat Taman Jaya Wijaya,"Banjarsari, Solo",Banjarsari,Solo,rumah,525.0,450.0,4.0,4.0,5.0
https://www.rumah123.com/properti/solo-jebres/rumah-murah-solo-dekat-kampus-uns-hos40983927/,700000000.0,Rumah Murah Solo Dekat Kampus Uns,"Jebres, Solo",Jebres,Solo,rumah,156.0,156.0,3.0,2.0,2.0
https://www.rumah123.com/properti/solo-banjarsari/rumah-mewah-dijual-solo-di-sumber-banjarsari-surakarta-hos41191294/,7000000000.0,Rumah Mewah Dijual Solo di Sumber Banjarsari Surakarta,"Banjarsari, Solo",Banjarsari,Solo,rumah,295.0,400.0,6.0,6.0,2.0
https://www.rumah123.com/properti/klaten-klaten-utara/rumah-dijual-klaten-kota-dekat-gor-gelarsena-hos41191241/,1800000000.0,Rumah Dijual Klaten Kota Dekat Gor Gelarsena,"Klaten Utara, Klaten",Klaten Utara,Klaten,rumah,280.0,200.0,3.0,2.0,2.0
https://www.rumah123.com/properti/boyolali-pulisen/dijual-rumah-boyolali-dekat-simpang-lima-boyolali-hos41191555/,525000000.0,Dijual Rumah Boyolali Dekat Simpang Lima Boyolali,"Pulisen, Boyolali",Pulisen,Boyolali,rumah,205.0,142.0,3.0,2.0,3.0
https://www.rumah123.com/properti/boyolali-winong/dijual-rumah-vintage-di-solo-area-kecamatan-boyolali-hos41195831/,1200000000.0,Dijual Rumah Vintage di Solo Area Kecamatan Boyolali,"Winong, Boyolali",Winong,Boyolali,rumah,200.0,200.0,5.0,2.0,1.0
https://www.rumah123.com/properti/semarang-semarang-tengah/dijual-dibawah-njop-rumah-di-jl-mt-haryono-raya-semarang-hadap-timur-hos40123282/,11500000000.0,Dijual Dibawah NJOP Rumah di Jl. Mt. Haryono (Mataram) Semarang (Hadap Timur),"Semarang Tengah, Semarang",Semarang Tengah,Semarang,rumah,488.0,600.0,4.0,3.0,2.0
https://www.rumah123.com/properti/semarang-kampung-kali/dijual-cepat-termurah-rumah-ngantong-di-jl-mayjend-sutoyo-kampung-kali-semarang-luasnya-865m-hos40261603/,32000000000.0,Dijual Cepat (Termurah) Rumah Ngantong di Jl Mayjend Sutoyo (Kampung Kali) Semarang Luasnya 865M,"Kampung Kali, Semarang",Kampung Kali,Semarang,rumah,865.0,600.0,3.0,1.0,2.0
https://www.rumah123.com/properti/solo-banjarsari/rumah-mewah-modern-2lt-dekat-paragon-mall-mangkubumen-solo-hos15375654/,2200000000.0,Rumah Mewah 2 LT Baru Selangkah Mall Paragon Solo,"Banjarsari, Solo",Banjarsari,Solo,rumah,110.0,185.0,5.0,5.0,2.0
https://www.rumah123.com/properti/semarang-boja/rumah-dijual-beserta-toko-dekat-pasar-boja-kendal-semarang-hos18442616/,5500000000.0,Rumah Dijual Beserta Toko Dekat Pasar Boja Kendal Semarang,"Boja, Semarang",Boja,Semarang,rumah,1065.0,600.0,7.0,5.0,2.0
https://www.rumah123.com/properti/semarang-tembalang/rumah-luas-nyaman-tenang-dan-eksklusif-graha-estetika-dekat-tol-tembalang-hos41343245/,5800000000.0,Rumah Luas Nyaman Tenang dan Eksklusif Graha Estetika Dekat Tol Tembalang,"Tembalang, Semarang",Tembalang,Semarang,rumah,300.0,300.0,6.0,4.0,3.0
https://www.rumah123.com/properti/semarang-tembalang/rumah-dalam-cluster-bukit-kencana-jaya-bisa-jual-atau-sewa-hos41541700/,430000000.0,Rumah Dalam Cluster Bukit Kencana Jaya bisa Jual atau Sewa,"Tembalang, Semarang",Tembalang,Semarang,rumah,72.0,36.0,3.0,1.0,1.0
https://www.rumah123.com/properti/semarang-sambiroto/rumah-hook-tenang-dan-nyaman-bumi-wanamukti-sambiroto-tembalang-hos41563882/,950000000.0,Rumah Hook Tenang dan Nyaman Bumi Wanamukti Sambiroto Tembalang,"Sambiroto, Semarang",Sambiroto,Semarang,rumah,175.0,175.0,5.0,2.0,2.0
https://www.rumah123.com/properti/semarang-semarang-barat/rumah-di-perum-graha-padma-semarang-ls-7995-hos41225911/,1500000000.0,"Rumah di Perum Graha Padma , Semarang ( Ls 7995 )","Semarang Barat, Semarang",Semarang Barat,Semarang,rumah,120.0,120.0,3.0,1.0,
https://www.rumah123.com/properti/semarang-semarang-barat/rumah-di-daerah-semarang-barat-vn-7331-hos41225982/,1900000000.0,Rumah di Daerah Semarang Barat Vn 7331,"Semarang Barat, Semarang",Semarang Barat,Semarang,rumah,230.0,194.0,4.0,2.0,
https://www.rumah123.com/properti/semarang-semarang-barat/rumah-murah-view-di-daerah-simongan-semarang-wn-7159-hos41066436/,1200000000.0,"Rumah Murah+ View di Daerah Simongan, Semarang Wn 7159","Semarang Barat, Semarang",Semarang Barat,Semarang,rumah,234.0,120.0,4.0,2.0,2.0
https://www.rumah123.com/properti/tegal-tegal-timur/rumah-di-arhakim-tegal-tt-5659-hos15368760/,28000000000.0,"Rumah Asri, Luas, Tengah Kota di Ar. Hakim, Tegal Tt 5659","Tegal Timur, Tegal",Tegal Timur,Tegal,rumah,1850.0,1500.0,5.0,4.0,
https://www.rumah123.com/properti/semarang-kedungmundu/rumah-hunian-nyaman-tentara-pelajar-cocok-untuk-keluarga-besar-hos41519495/,9500000000.0,Rumah Hunian Nyaman & Tempat Usaha Tentara Pelajar Cocok untuk Keluarga Besar Lokasi Strategis,"Kedungmundu, Semarang",Kedungmundu,Semarang,rumah,449.0,300.0,4.0,4.0,2.0
https://www.rumah123.com/properti/semarang-bsb-city/rumah-mewah-asri-ada-swimmingpoll-di-hillago-bsb-city-2-menit-ke-sekolah-al-azhar-hos39137289/,16000000000.0,Rumah Mewah Asri Ada Swimmingpoll di Hillago Bsb City 2 Menit ke Sekolah Al Azhar,"BSB City, Semarang",BSB City,Semarang,rumah,400.0,408.0,3.0,5.0,3.0
https://www.rumah123.com/properti/semarang-semarang-barat/rumah-siap-huni-type-48120-semarang-konsep-villa-bali-lingkungan-eksklusif-dan-nyaman-lokasi-strategis-hos41507101/,990000000.0,"Rumah Siap Huni Type 48/120 Semarang - Konsep Villa Bali, Lingkungan Eksklusif dan Nyaman, Lokasi Strategis.","Semarang Barat, Semarang",Semarang Barat,Semarang,rumah,120.0,48.0,2.0,1.0,1.0
https://www.rumah123.com/properti/semarang-bsb-city/rumah-2-kamar-mulai-300jt-an-kpr-dp-5jt-all-in-di-perumahan-taman-kayangan-hos39082741/,378000000.0,Rumah 2 Kamar Mulai 300jt An Kpr Dp 5jt All In Di Perumahan Taman Kayangan,"BSB City, Semarang",BSB City,Semarang,rumah,60.0,32.0,2.0,1.0,1.0
https://www.rumah123.com/properti/semarang-gajah-mungkur/rumah-mewah-di-telagabodas-semi-furnished-ada-kolam-renang-hos40590998/,18000000000.0,Rumah Mewah di Telagabodas Semi Furnished Ada Kolam Renang,"Gajah Mungkur, Semarang",Gajah Mungkur,Semarang,rumah,560.0,800.0,7.0,6.0,5.0
https://www.rumah123.com/properti/semarang-candi-golf/rumah-mewah-semi-furnished-di-graha-candi-golf-hos40285304/,4500000000.0,Rumah Mewah Semi Furnished di Graha Candi Golf,"Candi Golf, Semarang",Candi Golf,Semarang,rumah,144.0,200.0,3.0,3.0,2.0
https://www.rumah123.com/properti/semarang-ngaliyan/rumah-mewah-cluster-amarilis-garden-gondorio-tol-ngaliyan-beringin-semarang-barat-mijen-hos41070535/,856000000.0,Rumah Mewah Cluster Amarilis Garden Gondorio Tol Ngaliyan Beringin Semarang Barat Mijen,"Ngaliyan, Semarang",Ngaliyan,Semarang,rumah,120.0,80.0,3.0,2.0,2.0
https://www.rumah123.com/properti/semarang-pudak-payung/cluster-banyumanik-de-villa-garden-2-pudak-payung-semarang-hos40624376/,658000000.0,Cluster Banyumanik De Villa Garden 2 Pudak Payung Semarang,"Pudak Payung, Semarang",Pudak Payung,Semarang,rumah,68.0,72.0,3.0,2.0,2.0
https://www.rumah123.com/properti/semarang-mijen/rumah-elit-mijen-bsb-dekat-uptown-mall-semarang-hos41068529/,870000000.0,Rumah Elit Mijen Bsb Dekat Uptown Mall Semarang,"Mijen, Semarang",Mijen,Semarang,rumah,120.0,92.0,3.0,3.0,1.0
https://www.rumah123.com/properti/semarang-mijen/rumah-mewah-murah-mijen-dekat-uptown-mall-bsb-semarang-hos41458193/,875000000.0,Rumah Mewah Murah Mijen Dekat Uptown Mall Bsb Semarang,"Mijen, Semarang",Mijen,Semarang,rumah,120.0,92.0,3.0,3.0,1.0
https://www.rumah123.com/properti/semarang-mijen/rumah-strategis-bsb-dekat-kampus-unika-bsb-semarang-hos41068156/,870000000.0,Rumah Strategis Bsb Dekat Kampus Unika Bsb Semarang,"Mijen, Semarang",Mijen,Semarang,rumah,121.0,92.0,3.0,3.0,1.0
https://www.rumah123.com/properti/semarang-bsb-city/rumah-mewah-di-puri-arga-golf-bsb-full-furnished-ada-kolam-renang-hos39306026/,21000000000.0,Rumah Mewah Di Puri Arga Golf Bsb Full Furnished Ada Kolam Renang,"BSB City, Semarang",BSB City,Semarang,rumah,600.0,900.0,6.0,7.0,4.0
https://www.rumah123.com/properti/semarang-tembalang/rumah-mewah-siap-huni-full-furnished-lokasi-dekat-kampus-undip-hos41585830/,7500000000.0,Rumah Mewah. Siap Huni. Full Furnished Lokasi Dekat Kampus Undip,"Tembalang, Semarang",Tembalang,Semarang,rumah,429.0,465.0,7.0,7.0,3.0
https://www.rumah123.com/properti/semarang-gunung-pati/rumah-murah-siap-huni-rumah-baru-lokasi-dekat-kampus-unnes-hos41585937/,1500000000.0,Rumah Murah. Siap Huni. Rumah Baru Lokasi Dekat Kampus Unnes,"Gunung Pati, Semarang",Gunung Pati,Semarang,rumah,150.0,150.0,3.0,2.0,2.0
https://www.rumah123.com/properti/semarang-ngaliyan/rumah-mewah-siap-huni-lokasi-dekat-kampus-uin-walisongo-hos41599435/,1000000000.0,Rumah Mewah. Siap Huni. Lokasi Dekat Kampus Uin Walisongo,"Ngaliyan, Semarang",Ngaliyan,Semarang,rumah,130.0,120.0,3.0,2.0,2.0
https://www.rumah123.com/properti/semarang-semarang-selatan/dijual-bangunan-di-jalan-utama-semarang-bisa-jadi-tempat-usaha-atau-rumah-hos40748008/,11500000000.0,"Dijual Bangunan di Jalan Utama Semarang, bisa Jadi Tempat Usaha atau Rumah","Semarang Selatan, Semarang",Semarang Selatan,Semarang,rumah,327.0,350.0,,,
https://www.rumah123.com/properti/semarang-semarang-selatan/rumah-elite-tenang-sunyi-di-bsb-city-dekat-danau-hos41207952/,1320000000.0,Rumah Elite Tenang Sunyi di Bsb City Dekat Danau,"Semarang Selatan, Semarang",Semarang Selatan,Semarang,rumah,143.0,100.0,3.0,2.0,2.0
https://www.rumah123.com/properti/semarang-graha-padma/rumah-full-furnished-mewah-di-graha-padma-hos40465664/,8950000000.0,Rumah Full Furnished Mewah di Graha Padma,"Graha Padma, Semarang",Graha Padma,Semarang,rumah,500.0,736.0,8.0,7.0,4.0
https://www.rumah123.com/properti/semarang-semarang-timur/rumah-besar-dan-luas-palebon-pedurungan-semarang-timur-hos40199433/,2400000000.0,Rumah Besar dan Luas Palebon Pedurungan Semarang Timur,"Semarang Timur, Semarang",Semarang Timur,Semarang,rumah,336.0,250.0,7.0,2.0,4.0
https://www.rumah123.com/properti/semarang-graha-padma/rumah-baru-gress-full-furnished-graha-padma-semarang-barat-hos39714136/,2100000000.0,Rumah Full Furnished Siap Huni Graha Padma Dekat Sekolah Karangturi,"Graha Padma, Semarang",Graha Padma,Semarang,rumah,96.0,98.0,3.0,3.0,1.0
https://www.rumah123.com/properti/semarang-pedurungan/rumah-2-lantai-di-mahesa-pedurungan-semarang-hos41152652/,3000000000.0,Rumah 2 Lantai di Mahesa Pedurungan Semarang,"Pedurungan, Semarang",Pedurungan,Semarang,rumah,400.0,429.0,5.0,5.0,1.0
https://www.rumah123.com/properti/semarang-citragrand/hanya-800-jutaan-termurah-di-citragrand-tembalang-rumah-siap-huni-hos19364337/,895000000.0,Hanya 800 Jutaan Termurah Di Citragrand Tembalang Rumah Siap Huni,"Citragrand, Semarang",Citragrand,Semarang,rumah,72.0,72.0,2.0,1.0,1.0
https://www.rumah123.com/properti/solo-solo-baru/rumah-cluster-3-kamar-siap-huni-5-menit-pakuwon-mall-solo-baru-hos39691030/,850000000.0,Rumah Cluster 3 Kamar Siap Huni 5 Menit Pakuwon Mall Solo Baru,"Solo Baru, Solo",Solo Baru,Solo,rumah,132.0,120.0,3.0,2.0,1.0
https://www.rumah123.com/properti/semarang-semarang-tengah/rumah-ready-3-lantai-tengah-kota-semarang-majapahit-raya-gayamsari-dekat-simpanglima-hos41518397/,1850000000.0,Rumah Ready 3 Lantai Tengah Kota Semarang Majapahit Raya Gayamsari Dekat Simpanglima,"Semarang Tengah, Semarang",Semarang Tengah,Semarang,rumah,80.0,160.0,3.0,3.0,2.0
https://www.rumah123.com/properti/semarang-tembalang/rumah-hook-murah-ngesrep-dekat-kampus-undip-tembalang-hos41592604/,3800000000.0,Rumah Hook Murah Ngesrep Dekat Kampus Undip Tembalang,"Tembalang, Semarang",Tembalang,Semarang,rumah,310.0,250.0,5.0,4.0,4.0
https://www.rumah123.com/properti/semarang-banyumanik/rumah-di-kamfer-raya-siap-untuk-cafebakerykantor-dll-hos17192983/,3200000000.0,"Rumah di Kanfer Raya , Dekat Undip Siap untuk Cafe,Bakery,Kantor","Banyumanik, Semarang",Banyumanik,Semarang,rumah,176.0,270.0,4.0,3.0,4.0
https://www.rumah123.com/properti/solo-colomadu/rumah-etnik-kayu-jati-di-colomadu-solo-hos2549264/,8000000000.0,Rumah etnik kayu jati di colomadu solo,"Colomadu, Solo",Colomadu,Solo,rumah,1000.0,700.0,6.0,3.0,5.0
https://www.rumah123.com/properti/solo-colomadu/rumah-baru-perumahan-di-colomadu-solo-hos6539936/,500000000.0,Rumah baru perumahan di colomadu solo,"Colomadu, Solo",Colomadu,Solo,rumah,104.0,50.0,2.0,1.0,1.0
https://www.rumah123.com/properti/solo-solo-baru/rumah-bagus-siap-pakai-di-perumahan-solo-baru-hos13904866/,800000000.0,Rumah Bagus Siap Pakai di Perumahan Solo Baru,"Solo Baru, Solo",Solo Baru,Solo,rumah,100.0,65.0,3.0,2.0,1.0
https://www.rumah123.com/properti/solo-colomadu/rumah-murah-siap-pakai-dekat-tol-bandara-adi-soemarmo-boyolali-solo-hos39313645/,400000000.0,Rumah Murah Siap Pakai Dekat Tol Bandara Adi Soemarmo Boyolali Solo,"Colomadu, Solo",Colomadu,Solo,rumah,90.0,45.0,2.0,1.0,2.0
https://www.rumah123.com/properti/solo-colomadu/rumah-murah-di-perumahan-fajar-indah-solo-hos13656169/,1000000000.0,Rumah Murah Di Perumahan Fajar Indah Solo,"Colomadu, Solo",Colomadu,Solo,rumah,127.0,100.0,4.0,2.0,1.0
https://www.rumah123.com/properti/solo-solo-baru/rumah-baru-minimalis-di-cluster-elite-solo-baru-hos39335572/,1500000000.0,Rumah Baru Minimalis Di Cluster Elite Solo Baru,"Solo Baru, Solo",Solo Baru,Solo,rumah,134.0,90.0,3.0,2.0,2.0
https://www.rumah123.com/properti/semarang-sambiroto/rumah-murah-siap-huni-dekat-rsud-wongsonegoro-hos41524416/,525000000.0,Rumah Murah Siap Huni Dekat Rsud Wongsonegoro,"Sambiroto, Semarang",Sambiroto,Semarang,rumah,69.0,84.0,3.0,1.0,1.0
https://www.rumah123.com/properti/semarang-banyumanik/rumah-siap-huni-durian-banyumanik-hos41606720/,1100000000.0,Rumah Siap Huni Durian Banyumanik,"Banyumanik, Semarang",Banyumanik,Semarang,rumah,83.0,80.0,3.0,2.0,1.0
https://www.rumah123.com/properti/solo-banjarsari/rumah-dijual-solodi-sumber-banjarsari-surakarta-hos41508595/,2000000000.0,Rumah Dijual Solo.di Sumber Banjarsari Surakarta,"Banjarsari, Solo",Banjarsari,Solo,rumah,234.0,350.0,5.0,4.0,3.0
https://www.rumah123.com/properti/sukoharjo-kartasura/rumah-dijual-solo-di-ngadirejo-kartasura-sukoharjo-hos19233577/,800000000.0,Rumah Dijual Solo Di Ngadirejo Kartasura Sukoharjo,"Kartasura, Sukoharjo",Kartasura,Sukoharjo,rumah,305.0,200.0,3.0,2.0,2.0
https://www.rumah123.com/properti/surakarta-banjarsari/rumah-mewah-dijual-solo-ada-kolam-renang-di-sumber-banjarsari-surakarta-hos18517925/,5700000000.0,Rumah Mewah Dijual Solo Ada Kolam Renang di Sumber Banjarsari Surakarta,"Banjarsari, Surakarta",Banjarsari,Surakarta,rumah,351.0,280.0,4.0,3.0,4.0
https://www.rumah123.com/properti/surakarta-banjarsari/rumah-dijual-solo-di-area-di-banyuanyar-banjarsari-solo-hos39461109/,1200000000.0,Rumah Dijual Solo Di Area Pak.jokowi Di Banyuanyar Banjarsari Solo,"Banjarsari, Surakarta",Banjarsari,Surakarta,rumah,152.0,152.0,3.0,1.0,1.0
https://www.rumah123.com/properti/sukoharjo-sukoharjo/rumah-dijual-solo-di-bulakrejo-sukoharjo-5-menit-ke-pemda-sukoharjo-hos16854021/,895000000.0,Rumah dijual  solo di Bulakrejo sukoharjo 5 menit ke pemda sukoharjo,"Sukoharjo, Sukoharjo",Sukoharjo,Sukoharjo,rumah,139.0,200.0,4.0,2.0,
https://www.rumah123.com/properti/sukoharjo-kartasura/rumah-murah-dijual-solo-di-wirogunan-kartasura-hos18323157/,375000000.0,Rumah Murah  Dijual Solo Di Wirogunan Kartasura,"Kartasura, Sukoharjo",Kartasura,Sukoharjo,rumah,80.0,50.0,2.0,1.0,1.0
https://www.rumah123.com/properti/surakarta-laweyan/rumah-dijual-solo-di-kerten-laweyan-surakarta-hos16042347/,5000000000.0,Rumah Dijual Solo Dekat Solo Ssquare di Kerten Laweyan Surakarta,"Laweyan, Surakarta",Laweyan,Surakarta,rumah,743.0,200.0,2.0,2.0,6.0
https://www.rumah123.com/properti/surakarta-laweyan/rumah-tengah-kota-call-08132912xxxx-dekat-solo-square-di-pajang-laweyan-solo-hos7516370/,1800000000.0,Rumah.dijual Solo Dekat Solo Square di Pajang Laweyan,"Laweyan, Surakarta",Laweyan,Surakarta,rumah,131.0,260.0,5.0,1.0,1.0
https://www.rumah123.com/properti/karanganyar-colomadu/rumah-cluster-dijual-solo-di-tohudan-colomadu-karanganyar-hos15567487/,725000000.0,Rumah Cluster Dijual Solo Di Tohudan Colomadu Karanganyar,"Colomadu, Karanganyar",Colomadu,Karanganyar,rumah,87.0,75.0,2.0,1.0,1.0
https://www.rumah123.com/properti/sukoharjo-kartasura/rumah-dijual-solo-di-singopuran-kartasura-sukoharjo-hos18520378/,2900000000.0,Rumah Dijual  Solo  Di Singopuran Kartasura Sukoharjo,"Kartasura, Sukoharjo",Kartasura,Sukoharjo,rumah,340.0,150.0,4.0,3.0,2.0
https://www.rumah123.com/properti/surakarta-laweyan/rumah-dijual-solo-di-penumping-laweyan-surakarta-hos39502364/,7500000000.0,Rumah Dijual Solo Di Penumping Laweyan Surakarta,"Laweyan, Surakarta",Laweyan,Surakarta,rumah,523.0,250.0,5.0,5.0,2.0
https://www.rumah123.com/properti/semarang-semarang-timur/rumah-badak-siap-pakai-hos41607654/,1850000000.0,Rumah Badak Siap Pakai,"Semarang Timur, Semarang",Semarang Timur,Semarang,rumah,132.0,150.0,4.0,2.0,
https://www.rumah123.com/properti/semarang-bsb-city/di-jual-rumah-tipe-48120m2-beranda-bali-payon-amartha-semarang-harga-promo-khusus-hos39084473/,1000000000.0,DI JUAL RUMAH TIPE 48/120m2 | BERANDA BALI PAYON AMARTHA SEMARANG | HARGA PROMO KHUSUS,"BSB City, Semarang",BSB City,Semarang,rumah,120.0,48.0,2.0,1.0,2.0
https://www.rumah123.com/properti/semarang-semarang-barat/rumah-siap-pakai-di-daerah-siliwangi-hos41607618/,1450000000.0,Rumah Siap Pakai di Daerah Siliwangi,"Semarang Barat, Semarang",Semarang Barat,Semarang,rumah,121.0,180.0,2.0,2.0,1.0
https://www.rumah123.com/properti/semarang-sambiroto/rumah-bagus-minimalis-bukit-elang-residence-hos41453478/,700000000.0,Rumah Bagus Minimalis Bukit Elang Residence,"Sambiroto, Semarang",Sambiroto,Semarang,rumah,90.0,90.0,3.0,2.0,1.0
https://www.rumah123.com/properti/semarang-mijen/rumah-1-kamar-di-taman-kayangan-cangkiran-shm-87m-free-actv-one-gate-systemproperty-hos41467624/,400000000.0,Rumah 1 Kamar di Taman Kayangan Cangkiran SHM 87M² Free Ac+Tv One Gate System`Property,"Mijen, Semarang",Mijen,Semarang,rumah,87.0,30.0,1.0,1.0,2.0
https://www.rumah123.com/properti/semarang-pudak-payung/rumah-mewah-cluster-de-villa-garden-2-pudak-payung-banyumanik-semarang-hos40390343/,644000000.0,Rumah Mewah Cluster De Villa Garden 2 Pudak Payung Banyumanik Semarang,"Pudak Payung, Semarang",Pudak Payung,Semarang,rumah,60.0,72.0,3.0,2.0,2.0
https://www.rumah123.com/properti/semarang-pedurungan/rumah-baru-3-lantai-cluster-palebon-raya-majapahit-tol-gayamsari-hos41523982/,1850000000.0,Rumah Baru 3 Lantai Cluster Palebon Raya Majapahit Tol Gayamsari,"Pedurungan, Semarang",Pedurungan,Semarang,rumah,80.0,160.0,3.0,3.0,2.0
https://www.rumah123.com/properti/semarang-ngaliyan/rumah-mewah-minimalis-cluster-amarilis-garden-gondorio-ngaliyan-semarang-hos41048344/,639000000.0,Rumah Mewah Minimalis Cluster Amarilis Garden Gondorio Ngaliyan Semarang,"Ngaliyan, Semarang",Ngaliyan,Semarang,rumah,120.0,50.0,2.0,1.0,2.0
https://www.rumah123.com/properti/semarang-semarang-timur/rumah-nias-siap-pakai-hos41607202/,1850000000.0,Rumah Nias Siap Pakai,"Semarang Timur, Semarang",Semarang Timur,Semarang,rumah,175.0,175.0,5.0,3.0,
https://www.rumah123.com/properti/semarang-semarang-tengah/rumah-nuansa-bali-di-perumahan-teras-bali-dekat-bsb-semarang-hos39082813/,789000000.0,Rumah Nuansa Bali Di Perumahan Teras Bali Dekat Bsb Semarang,"Semarang Tengah, Semarang",Semarang Tengah,Semarang,rumah,120.0,48.0,2.0,1.0,2.0
https://www.rumah123.com/properti/semarang-mijen/di-jual-rumah-2-kamar-tidur-1-kamar-mandi-perumahan-teras-bali-semarang-hos39082681/,522000000.0,Di Jual Rumah 2 Kamar Tidur + 1 Kamar Mandi | Perumahan Teras Bali Semarang,"Mijen, Semarang",Mijen,Semarang,rumah,120.0,30.0,2.0,1.0,1.0
https://www.rumah123.com/properti/semarang-banyumanik/rumah-mewah-kolam-renang-di-gondang-bulusan-tembalang-hos40560521/,5500000000.0,Rumah mewah + kolam renang di gondang bulusan tembalang,"Banyumanik, Semarang",Banyumanik,Semarang,rumah,575.0,500.0,6.0,4.0,4.0
https://www.rumah123.com/properti/semarang-semarang-timur/rumah-di-arteri-soekarno-hatta-semarang-timur-hos40514722/,10000000000.0,Rumah Mewah di Arteri Soekarno Hatta Semarang Timur,"Semarang Timur, Semarang",Semarang Timur,Semarang,rumah,489.0,800.0,8.0,4.0,1.0
https://www.rumah123.com/properti/semarang-pedurungan/rumah-bagus-2-lantai-di-turangga-pedurungan-semarang-timur-hos18716024/,2500000000.0,Rumah Bagus 2 Lantai Di Turangga Pedurungan Semarang Timur,"Pedurungan, Semarang",Pedurungan,Semarang,rumah,290.0,500.0,4.0,4.0,
https://www.rumah123.com/properti/semarang-mijen/rumah-minimalis-modern-jatisari-mijen-cocok-untuk-pasangan-muda-hos41581312/,735000000.0,Rumah Minimalis Modern Jatisari Mijen Cocok untuk Pasangan Muda,"Mijen, Semarang",Mijen,Semarang,rumah,140.0,100.0,3.0,1.0,1.0
https://www.rumah123.com/properti/solo-banjarsari/rumah-dijual-solo-ada-kolam-renang-hos40487480/,5700000000.0,Rumah Dijual Solo Ada Kolam Renang,"Banjarsari, Solo",Banjarsari,Solo,rumah,351.0,280.0,5.0,3.0,4.0
https://www.rumah123.com/properti/surakarta-laweyan/rumah-dijual-solo-di-karangasem-laweyan-solo-dekat-kampus-ums-hos15487644/,2000000000.0,Rumah Dijual Solo di Karangasem Laweyan Solo Dekat Kampus Ums,"Laweyan, Surakarta",Laweyan,Surakarta,rumah,200.0,185.0,4.0,2.0,1.0
https://www.rumah123.com/properti/semarang-candi-golf/rumah-mewah-ada-kolam-renang-di-candi-golf-semarang-hos40768896/,20000000000.0,Rumah Mewah Ada Kolam Renang di Candi Golf LT 782M Hadap Selatan,"Candi Golf, Semarang",Candi Golf,Semarang,rumah,782.0,600.0,7.0,8.0,6.0
https://www.rumah123.com/properti/surakarta-banjarsari/rumah-2lantai-banyuanyar-banjarsari-solo-surakarta-hos12144235/,4250000000.0,Rumah 2lantai Banyuanyar Banjarsari Solo Surakarta,"Banjarsari, Surakarta",Banjarsari,Surakarta,rumah,410.0,370.0,6.0,4.0,2.0
https://www.rumah123.com/properti/semarang-semeru/rumah-di-semeru-hos39635481/,4300000000.0,Rumah Di Semeru,"Semeru, Semarang",Semeru,Semarang,rumah,171.0,300.0,4.0,3.0,2.0
https://www.rumah123.com/properti/semarang-ngaliyan/jual-rumah-baru-di-nawasena-park-ngaliyan-hos40159986/,1350000000.0,Jual Rumah Baru Di Nawasena Park Ngaliyan,"Ngaliyan, Semarang",Ngaliyan,Semarang,rumah,120.0,75.0,3.0,2.0,
https://www.rumah123.com/properti/semarang-bsb-city/rumah-dijual-di-bsb-village-hos40122340/,1150000000.0,Rumah Dijual Di Bsb Village,"BSB City, Semarang",BSB City,Semarang,rumah,166.0,110.0,2.0,2.0,
https://www.rumah123.com/properti/semarang-majapahit/rumah-di-beruang-raya-majapahit-semarang-hos40061852/,2700000000.0,Rumah Di Beruang Raya Majapahit Semarang,"Majapahit, Semarang",Majapahit,Semarang,rumah,298.0,298.0,5.0,3.0,1.0
https://www.rumah123.com/properti/semarang-majapahit/jual-rumah-newton-boulevard-harga-terjangkau-hos40942294/,700000000.0,Jual Rumah Newton Boulevard Harga Terjangkau,"Majapahit, Semarang",Majapahit,Semarang,rumah,120.0,45.0,2.0,1.0,1.0
https://www.rumah123.com/properti/semarang-bsb-city/jual-atau-sewa-rumah-di-bsb-forest-hill-murah-hos40998822/,1200000000.0,Jual atau Sewa Rumah di Bsb Forest Hill Murah,"BSB City, Semarang",BSB City,Semarang,rumah,120.0,60.0,2.0,1.0,1.0
https://www.rumah123.com/properti/semarang-citarum/rumah-di-kridangga-semarang-hos40093166/,1600000000.0,Rumah Di Kridangga Semarang,"Citarum, Semarang",Citarum,Semarang,rumah,210.0,180.0,5.0,3.0,1.0
https://www.rumah123.com/properti/semarang-bsb-city/jual-rumah-3kt-victoria-highland-citraland-bsb-hos41607406/,1700000000.0,Jual Rumah 3Kt Victoria Highland Citraland Bsb,"BSB City, Semarang",BSB City,Semarang,rumah,120.0,68.0,3.0,2.0,1.0
https://www.rumah123.com/properti/karanganyar-jaten/dijual-rumah-murah-solo-timur-dekat-indogrosir-palur-hos41330712/,945000000.0,Dijual Rumah Murah Solo Timur Dekat Stasiun Palur,"Jaten, Karanganyar",Jaten,Karanganyar,rumah,340.0,200.0,4.0,2.0,1.0
https://www.rumah123.com/properti/solo-solo-baru/rumah-2-lantai-cluster-dekat-the-park-mall-solo-baru-hos40288986/,2900000000.0,Rumah Dijual Cluster Mewah Dekat The Park Mall Solo Baru,"Solo Baru, Solo",Solo Baru,Solo,rumah,240.0,300.0,4.0,4.0,3.0
https://www.rumah123.com/properti/sukoharjo-kartasura/rumah-di-solo-kartasura-dekat-luwes-kartasura-hos18656879/,1500000000.0,Rumah  Di Solo Kartasura Dekat Luwes Kartasura,"Kartasura, Sukoharjo",Kartasura,Sukoharjo,rumah,113.0,170.0,4.0,3.0,1.0
https://www.rumah123.com/properti/semarang-meteseh/jual-cepat-rumah-baru-siranda-view-meteseh-tembalang-hos41457085/,1200000000.0,Jual Cepat Rumah Baru Siranda View Meteseh Tembalang,"Meteseh, Semarang",Meteseh,Semarang,rumah,117.0,60.0,3.0,2.0,1.0
https://www.rumah123.com/properti/semarang-pedurungan/rumah-bagus-modern-jl-tlogobiru-pedurungan-hos41594762/,975000000.0,Rumah Bagus Modern Jl Tlogobiru Pedurungan,"Pedurungan, Semarang",Pedurungan,Semarang,rumah,125.0,125.0,3.0,2.0,2.0
https://www.rumah123.com/properti/solo-colomadu/rumah-murah-dijual-colomadu-solo-dekat-rumah-sakit-karima-hos40562038/,750000000.0,Rumah Dijual Murah Colomadu Solo Dekat Dari Bandara Adi Sumarmo Solo,"Colomadu, Solo",Colomadu,Solo,rumah,102.0,200.0,5.0,2.0,1.0
https://www.rumah123.com/properti/surakarta-jebres/rumah-solo-dijual-murah-hos41047834/,650000000.0,Rumah Solo Dijual Murah,"Jebres, Surakarta",Jebres,Surakarta,rumah,105.0,100.0,4.0,2.0,
https://www.rumah123.com/properti/sukoharjo-gatak/rumah-dijual-kartasura-sukoharjo-dekat-pasar-klewer-hos39064907/,950000000.0,Rumah Dijual Kartasura Sukoharjo Dekat Pasar Klewer,"Gatak, Sukoharjo",Gatak,Sukoharjo,rumah,138.0,110.0,3.0,2.0,1.0
https://www.rumah123.com/properti/boyolali-boyolali-kota/rumah-dijual-murah-boyolali-di-pulisen-boyolali-kota-3-menit-dari-kopi-mujur-boyolali-hos19498676/,675000000.0,Rumah Dijual Murah Boyolali Di Pulisen Boyolali Kota 3 Menit Dari Kopi Mujur Boyolali,"Boyolali Kota, Boyolali",Boyolali Kota,Boyolali,rumah,243.0,150.0,4.0,2.0,1.0
https://www.rumah123.com/properti/solo-solo-baru/rumah-dan-toko-dijual-solo-baru-dekat-lotte-mart-hos41278429/,1500000000.0,Rumah dan Toko Dijual Solo Kota Dekat Lotte Mart,"Solo Baru, Solo",Solo Baru,Solo,rumah,310.0,200.0,4.0,2.0,1.0
https://www.rumah123.com/properti/semarang-semarang-tengah/dijual-rumah-di-jl-taman-seroja-semarang-luas-300m-shm-hos41496905/,4500000000.0,"Dijual Rumah di Jl Taman Seroja Semarang Luas 300M, SHM","Semarang Tengah, Semarang",Semarang Tengah,Semarang,rumah,300.0,500.0,1.0,4.0,4.0
https://www.rumah123.com/properti/semarang-semarang-tengah/jual-rumah-di-jl-atmodirono-semarang-luas-435m-hos41317950/,13800000000.0,Jual Rumah di Jl Atmodirono Semarang Luas 435M,"Semarang Tengah, Semarang",Semarang Tengah,Semarang,rumah,435.0,620.0,4.0,3.0,5.0
https://www.rumah123.com/properti/semarang-semarang-barat/include-furnished-kolam-renang-rumah-candi-kalasan-manyaran-hos41600121/,1900000000.0,Include Furnished + Kolam Renang Rumah Candi Kalasan Manyaran,"Semarang Barat, Semarang",Semarang Barat,Semarang,rumah,142.0,100.0,4.0,3.0,1.0
https://www.rumah123.com/properti/semarang-bsb-city/butuh-laku-cepat-rumah-beranda-bali-bsb-city-hos41468923/,1350000000.0,Butuh Laku Cepat Rumah Beranda Bali Bsb City,"BSB City, Semarang",BSB City,Semarang,rumah,133.0,90.0,3.0,2.0,1.0
https://www.rumah123.com/properti/semarang-semarang-selatan/rumah-nangka-bagus-siap-pakai-hos40847513/,2800000000.0,Rumah Nangka Bagus Siap Pakai,"Semarang Selatan, Semarang",Semarang Selatan,Semarang,rumah,180.0,250.0,4.0,2.0,
https://www.rumah123.com/properti/semarang-candisari/rumah-mewah-pinggir-jalan-raya-di-jangli-raya-candisari-semarang-hos39814916/,10000000000.0,Rumah Mewah Pinggir Jalan Raya Di Jangli Raya Candisari Semarang,"Candisari, Semarang",Candisari,Semarang,rumah,584.0,350.0,5.0,3.0,1.0
https://www.rumah123.com/properti/semarang-semarang-barat/rumah-bagus-strategis-di-graha-padma-semarang-hos41504922/,1950000000.0,Rumah Bagus Strategis di Graha Padma Semarang,"Semarang Barat, Semarang",Semarang Barat,Semarang,rumah,96.0,98.0,3.0,3.0,1.0
https://www.rumah123.com/properti/klaten-prambanan/rumah-villa-joglo-limasan-di-jl-manisrenggo-dekat-candi-plaosan-hos8367035/,1500000000.0,Rumah  Villa Joglo Limasan Di Jl. Manisrenggo Dekat Candi Plaosan,"Prambanan, Klaten",Prambanan,Klaten,rumah,428.0,140.0,4.0,4.0,
https://www.rumah123.com/properti/semarang-tembalang/dijual-rumah-shm-siap-huni-area-kampus-undip-dan-tol-tembalang-hos40844337/,788000000.0,Dijual Rumah SHM Siap Huni Area Kampus Undip dan Tol Tembalang,"Tembalang, Semarang",Tembalang,Semarang,rumah,82.0,38.0,2.0,1.0,1.0
https://www.rumah123.com/properti/semarang-pedurungan/dijual-rumah-mewah-eropa-pedurungan-kota-semarang-hos40122949/,599000000.0,Dijual Rumah Mewah Eropa Pedurungan Kota Semarang,"Pedurungan, Semarang",Pedurungan,Semarang,rumah,80.0,40.0,2.0,1.0,1.0
https://www.rumah123.com/properti/semarang-ngaliyan/jual-cepat-rumah-minimalis-permata-puri-ngaliyan-hos41495253/,525000000.0,Jual Cepat Rumah Minimalis Permata Puri Ngaliyan,"Ngaliyan, Semarang",Ngaliyan,Semarang,rumah,90.0,50.0,2.0,2.0,1.0
https://www.rumah123.com/properti/semarang-semarang-barat/full-furnished-rumah-mewah-borobudur-semarang-barat-hos41600743/,1950000000.0,Full Furnished Rumah Mewah Borobudur Semarang Barat,"Semarang Barat, Semarang",Semarang Barat,Semarang,rumah,180.0,250.0,5.0,3.0,2.0
https://www.rumah123.com/properti/semarang-tembalang/dijual-rumah-cluster-area-nol-undip-tembalang-perumahan-semarang-hos40159612/,788000000.0,Dijual Rumah Cluster Area Nol Undip Tembalang Perumahan Semarang,"Tembalang, Semarang",Tembalang,Semarang,rumah,82.0,32.0,2.0,1.0,1.0
https://www.rumah123.com/properti/semarang-puri-anjasmoro/rumah-bagus-baru-renov-hos40847359/,2500000000.0,Rumah Bagus Baru Renov,"Puri Anjasmoro, Semarang",Puri Anjasmoro,Semarang,rumah,240.0,240.0,4.0,2.0,
https://www.rumah123.com/properti/semarang-puri-anjasmoro/rumah-bagus-di-puri-anjasmoro-semarang-hos10708199/,1500000000.0,"Rumah Bagus Di Puri Anjasmoro , Semarang","Puri Anjasmoro, Semarang",Puri Anjasmoro,Semarang,rumah,153.0,115.0,4.0,2.0,
https://www.rumah123.com/properti/semarang-ungaran/rumah-pesan-bangun-baru-ungaran-timur-16-menit-ke-tol-ungaran-hos41342574/,350000000.0,Ik Rumah Pesan Bangun Baru Ungaran Timur 16 Menit ke Tol Ungaran,"Ungaran, Semarang",Ungaran,Semarang,rumah,60.0,36.0,2.0,1.0,1.0
https://www.rumah123.com/properti/semarang-ungaran/rj-rumah-pesan-bangun-baru-ungaran-timur-15-menit-ke-tol-ungaran-hos41364899/,350000000.0,Rj Rumah Pesan Bangun Baru Ungaran Timur 15 Menit ke Tol Ungaran,"Ungaran, Semarang",Ungaran,Semarang,rumah,60.0,36.0,2.0,1.0,1.0
https://www.rumah123.com/properti/semarang-semarang-tengah/rumah-semarang-tengah-hos39361748/,5000000000.0,Rumah Semarang Tengah,"Semarang Tengah, Semarang",Semarang Tengah,Semarang,rumah,198.0,175.0,4.0,3.0,2.0
https://www.rumah123.com/properti/semarang-sambiroto/rj-rumah-pesan-bangun-baru-15-menit-ke-kampus-undip-tembalang-hos41466446/,790000000.0,Rj Rumah Pesan Bangun Baru 15 Menit ke Kampus Undip Tembalang,"Sambiroto, Semarang",Sambiroto,Semarang,rumah,70.0,60.0,3.0,2.0,1.0
https://www.rumah123.com/properti/semarang-bsb-city/di-jual-rumah-mewah-di-cluster-sultan-puri-agra-golf-bsb-hos39375682/,21000000000.0,Di Jual Rumah Mewah Di Cluster Sultan Puri Agra Golf - Bsb,"BSB City, Semarang",BSB City,Semarang,rumah,900.0,900.0,5.0,7.0,2.0
https://www.rumah123.com/properti/semarang-jatingaleh/jual-rumah-strategis-di-jatingaleh-semarang-hos39450066/,700000000.0,Jual Rumah Strategis Di Jatingaleh Semarang,"Jatingaleh, Semarang",Jatingaleh,Semarang,rumah,105.0,45.0,2.0,1.0,1.0
https://www.rumah123.com/properti/semarang-semarang-barat/dijual-cepat-rumah-murah-di-puri-mediterania-semarang-hos41577904/,900000000.0,Dijual Cepat Rumah Murah di Puri Mediterania Semarang,"Semarang Barat, Semarang",Semarang Barat,Semarang,rumah,144.0,120.0,4.0,3.0,1.0
https://www.rumah123.com/properti/semarang-semarang-barat/rumah-siap-huni-cluster-graha-padma-hos39064380/,1700000000.0,Rumah Siap Huni Cluster Graha Padma,"Semarang Barat, Semarang",Semarang Barat,Semarang,rumah,153.0,64.0,3.0,2.0,1.0
https://www.rumah123.com/properti/solo-banjarsari/rumah-solo-murah-dekat-luwes-nusukan-hos41293364/,1900000000.0,Rumah Solo Murah Dekat Luwes Nusukan,"Banjarsari, Solo",Banjarsari,Solo,rumah,350.0,250.0,4.0,5.0,3.0
https://www.rumah123.com/properti/solo-banjarsari/dijual-rumah-solo-siap-huni-dekat-terminal-gilingan-hos40225056/,1800000000.0,Dijual Rumah Solo Siap Huni Dekat Terminal Gilingan,"Banjarsari, Solo",Banjarsari,Solo,rumah,173.0,220.0,3.0,4.0,3.0
https://www.rumah123.com/properti/solo-banjarsari/dijual-rumah-solo-dekat-stadion-manahan-hos40164092/,1500000000.0,Dijual Rumah Solo Dekat Stadion Manahan,"Banjarsari, Solo",Banjarsari,Solo,rumah,206.0,150.0,3.0,2.0,3.0
https://www.rumah123.com/properti/solo-solo-baru/dijual-rumah-solo-baru-dekat-pakuwon-mall-hos40198820/,335000000.0,Dijual Rumah Solo Baru Dekat Pakuwon Mall,"Solo Baru, Solo",Solo Baru,Solo,rumah,98.0,60.0,2.0,1.0,1.0
https://www.rumah123.com/properti/solo-banjarsari/rumah-solo-dijual-dekat-luwes-gentan-hos40173501/,1000000000.0,Rumah Solo Dijual Dekat Luwes Gentan,"Banjarsari, Solo",Banjarsari,Solo,rumah,150.0,120.0,4.0,4.0,1.0
https://www.rumah123.com/properti/solo-jebres/dijual-rumah-di-solo-jebres-dekat-kampus-uns-hos41367438/,1300000000.0,Dijual Rumah di Solo Jebres Dekat Kampus Uns,"Jebres, Solo",Jebres,Solo,rumah,98.0,120.0,4.0,4.0,1.0
https://www.rumah123.com/properti/solo-solo-baru/dijual-rumah-solo-kota-siap-huni-dekat-stasiun-balapan-hos40173242/,1350000000.0,Dijual Rumah Solo Kota Siap Huni Dekat Stasiun Balapan,"Solo Baru, Solo",Solo Baru,Solo,rumah,76.0,154.0,3.0,2.0,
https://www.rumah123.com/properti/solo-banjarsari/rumah-dijual-di-solo-dekat-rs-dr-oen-solo-hos41527591/,5900000000.0,Rumah Dijual di Solo Dekat Rs Dr Oen Solo,"Banjarsari, Solo",Banjarsari,Solo,rumah,525.0,450.0,4.0,4.0,5.0
https://www.rumah123.com/properti/solo-jebres/dijual-rumah-solo-murah-dekat-taman-jaya-wijaya-hos40221555/,495000000.0,Dijual Rumah Solo Murah Dekat Taman Jaya Wijaya,"Jebres, Solo",Jebres,Solo,rumah,72.0,140.0,2.0,1.0,
https://www.rumah123.com/properti/solo-solo-baru/rumah-solo-dijual-siap-huni-dekat-rs-orthopedi-hos40147536/,3600000000.0,Rumah Solo Dijual Siap Huni Dekat Rs Orthopedi,"Solo Baru, Solo",Solo Baru,Solo,rumah,302.0,550.0,6.0,6.0,4.0
https://www.rumah123.com/properti/solo-jebres/dijual-rumah-solo-dekat-ringroad-mojosongo-hos40221657/,495000000.0,Dijual Rumah Solo Dekat Ringroad Mojosongo,"Jebres, Solo",Jebres,Solo,rumah,120.0,90.0,2.0,1.0,1.0
https://www.rumah123.com/properti/surakarta-banjarsari/rumah-solo-dijual-siap-huni-di-solo-jebres-hos40180996/,1250000000.0,Rumah Solo Dijual Siap Huni Di Solo Jebres,"Banjarsari, Surakarta",Banjarsari,Surakarta,rumah,147.0,250.0,4.0,4.0,1.0
https://www.rumah123.com/properti/solo-banjarsari/dijual-rumah-solo-dekat-kampus-usb-hos40389902/,900000000.0,Rumah Solo Dijual Dekat Kampus Usb,"Banjarsari, Solo",Banjarsari,Solo,rumah,395.0,200.0,5.0,3.0,2.0
https://www.rumah123.com/properti/solo-jebres/rumah-solo-dijual-dekat-taman-jaya-wijaya-hos40180912/,1250000000.0,Rumah Solo Dijual Dekat Taman Jaya Wijaya,"Jebres, Solo",Jebres,Solo,rumah,147.0,250.0,4.0,4.0,1.0
https://www.rumah123.com/properti/solo-solo-baru/rumah-solo-dijual-area-luwes-gentan-hos40174098/,1000000000.0,Rumah Solo Dijual Area Luwes Gentan,"Solo Baru, Solo",Solo Baru,Solo,rumah,150.0,120.0,4.0,2.0,1.0
https://www.rumah123.com/properti/solo-banjarsari/dijual-rumah-di-solo-kota-dekat-kampus-utp-hos40339002/,1900000000.0,Rumah Dijual di Solo Kota Dekat Kampus Utp,"Banjarsari, Solo",Banjarsari,Solo,rumah,350.0,182.0,3.0,3.0,
https://www.rumah123.com/properti/solo-banjarsari/dijual-rumah-solo-dekat-taman-balai-kambang-hos40538935/,2100000000.0,Rumah Dijual di Solo Dekat Taman Balai Kambang,"Banjarsari, Solo",Banjarsari,Solo,rumah,206.0,277.0,4.0,4.0,1.0
https://www.rumah123.com/properti/solo-banjarsari/rumah-solo-siap-huni-dekat-kantor-kpu-hos40778203/,3600000000.0,Rumah Solo Dijual Dekat Kantor Kpu,"Banjarsari, Solo",Banjarsari,Solo,rumah,382.0,283.0,4.0,4.0,2.0
https://www.rumah123.com/properti/surakarta-jebres/rumah-solo-dijual-dekat-uns-hos41530442/,330000000.0,Rumah Solo Dijual Dekat Uns,"Jebres, Surakarta",Jebres,Surakarta,rumah,67.0,50.0,2.0,1.0,1.0
https://www.rumah123.com/properti/solo-banjarsari/dijual-rumah-solo-dekat-bandara-adi-soemarmo-hos40250930/,365000000.0,Rumah Solo Dijual Dekat Bandara Adi Soemarmo,"Banjarsari, Solo",Banjarsari,Solo,rumah,63.0,45.0,2.0,1.0,1.0
https://www.rumah123.com/properti/solo-jebres/dijual-rumah-di-solo-dekat-ring-road-mojosongo-hos40271678/,725000000.0,Rumah Dijual di Solo Dekat Ring Road Mojosongo,"Jebres, Solo",Jebres,Solo,rumah,94.0,65.0,3.0,1.0,1.0
https://www.rumah123.com/properti/sukoharjo-baki/dijual-rumah-di-solo-siap-huni-dekat-pakuwon-mall-hos40331445/,650000000.0,Rumah Dijual di Solo Siap Huni Dekat Pakuwon Mall,"Baki, Sukoharjo",Baki,Sukoharjo,rumah,94.0,184.0,3.0,2.0,1.0
https://www.rumah123.com/properti/sukoharjo-kartasura/diual-rumah-di-solo-dekat-bandara-adi-soemarmo-hos40271971/,1300000000.0,Rumah Dijual di Solo Dekat Bandara Adi Soemarmo,"Kartasura, Sukoharjo",Kartasura,Sukoharjo,rumah,114.0,100.0,2.0,1.0,
https://www.rumah123.com/properti/solo-solo-baru/dijual-rumah-solo-dekat-stasiun-purwosari-hos40141096/,12500000000.0,Rumah Solo Dijual Dekat Stasiun Purwosari,"Solo Baru, Solo",Solo Baru,Solo,rumah,630.0,600.0,6.0,4.0,6.0
https://www.rumah123.com/properti/solo-banjarsari/dijual-rumah-solo-dekat-kampus-ums-hos40147667/,3600000000.0,Rumah Dijual di Solo Dekat Kampus Ums,"Banjarsari, Solo",Banjarsari,Solo,rumah,302.0,550.0,6.0,6.0,4.0
https://www.rumah123.com/properti/solo-karanganyar/rumah-baru-di-solo-dekat-de-tasikmadoe-heritage-hos41483507/,550000000.0,Rumah Dijual di Solo Dekat De Tasikmadoe Heritage,"Karanganyar, Solo",Karanganyar,Solo,rumah,60.0,100.0,3.0,2.0,1.0
https://www.rumah123.com/properti/surakarta-laweyan/dijual-rumah-mewah-solo-kota-dekat-solo-grand-mall-hos40122955/,12500000000.0,Rumah Mewah Solo Kota Dekat Solo Grand Mall,"Laweyan, Surakarta",Laweyan,Surakarta,rumah,630.0,600.0,6.0,4.0,6.0
https://www.rumah123.com/properti/solo-banjarsari/dijual-rumah-solo-murah-dekat-pasar-legi-hos40172216/,1350000000.0,Rumah Solo Dijual Dekat Pasar Legi,"Banjarsari, Solo",Banjarsari,Solo,rumah,76.0,154.0,3.0,2.0,
https://www.rumah123.com/properti/solo-solo-baru/dijual-rumah-solo-murah-dekat-exit-tol-klodran-hos40164296/,1500000000.0,Rumah Solo Dijual Dekat Exit Tol Klodran,"Solo Baru, Solo",Solo Baru,Solo,rumah,206.0,150.0,3.0,2.0,3.0
https://www.rumah123.com/properti/surakarta-banjarsari/dijual-rumah-3-lantai-solo-dekat-stasiun-balapan-hos40172382/,1350000000.0,Rumah Dijual Solo Dekat Stasiun Balapan,"Banjarsari, Surakarta",Banjarsari,Surakarta,rumah,76.0,154.0,3.0,2.0,
https://www.rumah123.com/properti/solo-jebres/dijual-rumah-solo-murah-area-mojosongo-jebres-hos40133110/,1200000000.0,Rumah Solo Dijual Area Mojosongo Jebres,"Jebres, Solo",Jebres,Solo,rumah,98.0,150.0,3.0,3.0,1.0
https://www.rumah123.com/properti/solo-banjarsari/dijual-rumah-solo-dekat-ring-road-mojosongo-hos40180954/,1250000000.0,Rumah Solo Dijual Dekat Ring Road Mojosongo,"Banjarsari, Solo",Banjarsari,Solo,rumah,147.0,250.0,5.0,3.0,1.0
https://www.rumah123.com/properti/solo-solo-baru/dijual-rumah-solo-baru-dekat-pakuwon-mall-hos40164483/,1750000000.0,Rumah Dijual di Solo Baru Dekat Pakuwon Mall,"Solo Baru, Solo",Solo Baru,Solo,rumah,246.0,200.0,4.0,2.0,1.0
https://www.rumah123.com/properti/solo-laweyan/dijual-rumah-mewah-solo-dekat-solo-grand-mall-hos40140988/,12500000000.0,Rumah Mewah Dijual di Solo Dekat Solo Grand Mall,"Laweyan, Solo",Laweyan,Solo,rumah,630.0,630.0,6.0,4.0,3.0
https://www.rumah123.com/properti/sukoharjo-baki/rumah-dijual-di-solo-dekats-gentan-hos41298431/,1000000000.0,Rumah Dijual di Solo Dekat Luwes Gentan,"Baki, Sukoharjo",Baki,Sukoharjo,rumah,150.0,120.0,4.0,2.0,1.0
https://www.rumah123.com/properti/solo-jebres/dijual-rumah-solo-2-lantai-dekat-transmart-pabelan-hos40147887/,3600000000.0,Rumah Solo Dijual Dekat Transmart Pabelan,"Jebres, Solo",Jebres,Solo,rumah,302.0,550.0,6.0,6.0,4.0
https://www.rumah123.com/properti/semarang-semarang-tengah/dijual-rumah-hook-siap-huni-seroja-pusat-tengah-kota-semarang-lokasi-strategis-dekat-simpang-lima-hos39170289/,7000000000.0,Dijual Cepat Rumah Hook Siap Huni Seroja Pusat Tengah Kota Semarang Lokasi Strategis Dekat Simpang Lima,"Semarang Tengah, Semarang",Semarang Tengah,Semarang,rumah,340.0,250.0,5.0,3.0,2.0
https://www.rumah123.com/properti/semarang-candi-golf/di-jual-rumah-di-candi-golf-semarang-atas-hos17777572/,2950000000.0,di jual rumah di Candi golf Semarang atas,"Candi Golf, Semarang",Candi Golf,Semarang,rumah,200.0,180.0,3.0,3.0,
https://www.rumah123.com/properti/semarang-gajah-mungkur/di-jual-rumah-di-gajah-mungkur-semarang-selatan-hos19466850/,1400000000.0,Di Jual Rumah Di Gajah Mungkur Semarang Selatan,"Gajah Mungkur, Semarang",Gajah Mungkur,Semarang,rumah,220.0,170.0,4.0,2.0,1.0
https://www.rumah123.com/properti/semarang-semarang-tengah/di-jual-rumah-dan-kos-di-tengah-kota-erlangga-hos41309126/,4000000000.0,Di Jual Rumah dan Kos di Tengah Kota Erlangga,"Semarang Tengah, Semarang",Semarang Tengah,Semarang,rumah,180.0,240.0,7.0,4.0,1.0
https://www.rumah123.com/properti/sukoharjo-tawangsari/dekat-kampus-uad-6-rumah-mewah-murah-hos41266104/,603000000.0,Dekat Kampus Uad 6; Rumah Mewah Murah,"Tawangsari, Sukoharjo",Tawangsari,Sukoharjo,rumah,114.0,70.0,3.0,2.0,1.0
https://www.rumah123.com/properti/semarang-banyumanik/di-jual-rumah-di-gombel-permai-semarang-atas-hos38855777/,1600000000.0,Di Jual Rumah Di Gombel Permai Semarang Atas,"Banyumanik, Semarang",Banyumanik,Semarang,rumah,168.0,300.0,5.0,4.0,2.0
https://www.rumah123.com/properti/semarang-semarang-tengah/di-jual-rumah-tengah-kota-semarang-hos39300126/,2700000000.0,Di Jual Rumah Tengah Kota Semarang,"Semarang Tengah, Semarang",Semarang Tengah,Semarang,rumah,215.0,150.0,3.0,2.0,2.0
https://www.rumah123.com/properti/semarang-semarang-tengah/di-jual-rumah-di-tengah-kota-samarang-daerah-mugas-dalam-hos40723611/,3000000000.0,Di Jual Rumah di Tengah Kota Samarang Daerah Mugas Dalam,"Semarang Tengah, Semarang",Semarang Tengah,Semarang,rumah,135.0,250.0,7.0,7.0,1.0
https://www.rumah123.com/properti/semarang-mijen/rumah-mewah-minimalis-modern-tipe-36-mijen-hos39082644/,469000000.0,Rumah Mewah Minimalis Modern Tipe 36 Mijen,"Mijen, Semarang",Mijen,Semarang,rumah,93.0,36.0,2.0,1.0,1.0
https://www.rumah123.com/properti/semarang-semarang-barat/rumah-di-jual-tipe-88120m2-2-lantai-beranda-bali-payon-amartha-kota-semarang-hanya-10juta-sampai-serah-terima-unit-hos39082691/,1350000000.0,RUMAH DI JUAL TIPE 88/120m2 ( 2 LANTAI ) | BERANDA BALI PAYON AMARTHA KOTA SEMARANG | HANYA 10JUTA SAMPAI SERAH TERIMA UNIT,"Semarang Barat, Semarang",Semarang Barat,Semarang,rumah,120.0,88.0,4.0,4.0,2.0
https://www.rumah123.com/properti/semarang-tembalang/rumah-2-lantai-dekat-dengan-pusat-kota-semarang-perumahan-beranda-bali-kedungmundu-hos39082694/,980000000.0,Rumah 2 Lantai Dekat Dengan Pusat Kota Semarang Perumahan Beranda Bali Kedungmundu,"Tembalang, Semarang",Tembalang,Semarang,rumah,91.0,83.0,3.0,2.0,1.0
https://www.rumah123.com/properti/semarang-ngaliyan/rumah-di-perumahan-beranda-bali-payon-amartha-harga-promo-free-ppn-975jt-hos39082697/,999000000.0,Rumah Di Perumahan Beranda Bali Payon Amartha Harga Promo Free Ppn 975jt,"Ngaliyan, Semarang",Ngaliyan,Semarang,rumah,120.0,48.0,2.0,1.0,2.0
https://www.rumah123.com/properti/semarang-ngaliyan/rumah-2-lantai-harga-terjangkau-dekat-citraland-bsb-city-semarang-hos39082746/,1100000000.0,Rumah 2 Lantai Harga Terjangkau Dekat Citraland Bsb City Semarang,"Ngaliyan, Semarang",Ngaliyan,Semarang,rumah,139.0,95.0,3.0,3.0,1.0
https://www.rumah123.com/properti/semarang-semarang-barat/rumah-di-cluster-taman-kayangan-bsb-mijen-all-in-5-juta-tanpa-dp-biaya-biaya-hos39082543/,355000000.0,Rumah Di Cluster Taman Kayangan Bsb Mijen All In 5 Juta Tanpa Dp & Biaya Biaya,"Semarang Barat, Semarang",Semarang Barat,Semarang,rumah,60.0,23.0,1.0,1.0,2.0
https://www.rumah123.com/properti/semarang-semarang-barat/promo-rumah-all-in-10-juta-perumahan-beranda-bali-payon-amartha-ngaliyan-semarang-hos39084513/,1660000000.0,PROMO RUMAH ALL IN 10 JUTA - PERUMAHAN Beranda Bali Payon Amartha Ngaliyan SEMARANG,"Semarang Barat, Semarang",Semarang Barat,Semarang,rumah,150.0,88.0,4.0,4.0,2.0
https://www.rumah123.com/properti/semarang-semarang-tengah/dijual-cepat-property-di-jl-cendrawasih-1-semarang-hos39751273/,10000000000.0,Dijual Cepat Property Di Jl Cendrawasih 1 Semarang,"Semarang Tengah, Semarang",Semarang Tengah,Semarang,rumah,817.0,600.0,1.0,1.0,3.0
https://www.rumah123.com/properti/semarang-simpang-lima/dijual-cepat-bu-rumah-di-jl-singosari-semarang-hos19153534/,2750000000.0,Dijual Cepat Bu.. Rumah di Jl Singosari Semarang,"Simpang Lima, Semarang",Simpang Lima,Semarang,rumah,233.0,250.0,4.0,2.0,2.0
https://www.rumah123.com/properti/semarang-tlogosari/dijual-cepet-burumah-di-di-jl-tlogosari-raya-semarang-hos16985671/,1700000000.0,Dijual Cepet.... Bu...Rumah di di Jl Tlogosari Raya Semarang,"Tlogosari, Semarang",Tlogosari,Semarang,rumah,240.0,240.0,4.0,3.0,2.0
https://www.rumah123.com/properti/semarang-tembalang/dijual-rumah-dekat-ke-kampus-unimus-sendang-mulyo-tembalang-smg-hos17371254/,650000000.0,Dijual Rumah Dekat Ke Kampus Unimus Sendang Mulyo Tembalang Smg,"Tembalang, Semarang",Tembalang,Semarang,rumah,160.0,80.0,2.0,1.0,1.0
https://www.rumah123.com/properti/solo-colomadu/rumah-dijual-di-solo-colomadu-dekat-lapangan-baturan-hos41605148/,925000000.0,Rumah Dijual di Solo Colomadu Dekat Lapangan Baturan,"Colomadu, Solo",Colomadu,Solo,rumah,120.0,100.0,2.0,2.0,1.0
https://www.rumah123.com/properti/sukoharjo-baki/rumah-dijual-di-solo-baki-dekat-pakuwon-mall-hos41605162/,800000000.0,Rumah Dijual di Solo Baki Dekat Pakuwon Mall,"Baki, Sukoharjo",Baki,Sukoharjo,rumah,72.0,45.0,2.0,1.0,1.0
https://www.rumah123.com/properti/solo-colomadu/rumah-dijual-di-solo-colomadu-dekat-lapangan-baturan-hos41578140/,925000000.0,Rumah Dijual di Solo Colomadu Dekat Lapangan Baturan,"Colomadu, Solo",Colomadu,Solo,rumah,120.0,100.0,2.0,2.0,1.0
https://www.rumah123.com/properti/solo-colomadu/rumah-mewah-di-solo-barat-dekat-edupark-ums-solo-hos40491684/,10000000000.0,Rumah Mewah di Solo Barat Dekat Edupark UMS Solo,"Colomadu, Solo",Colomadu,Solo,rumah,1235.0,350.0,4.0,3.0,4.0
https://www.rumah123.com/properti/semarang-semarang-selatan/rumah-di-semarang-selatan-hos41583603/,2600000000.0,Rumah di Semarang Selatan,"Semarang Selatan, Semarang",Semarang Selatan,Semarang,rumah,266.0,154.0,4.0,3.0,2.0
https://www.rumah123.com/properti/semarang-bsb-city/new-type-delavera-citraland-bsb-city-free-ajbbphtb-hos40800447/,2000000000.0,New Type Delavera @Citraland Bsb City Free Ajb+Bphtb,"BSB City, Semarang",BSB City,Semarang,rumah,120.0,77.0,3.0,2.0,2.0
https://www.rumah123.com/properti/pemalang-pemalang/rumah-lama-di-tengah-kota-pemalang-jawa-tenga-hitung-tanah-hos40772849/,2500000000.0,Rumah Lama di Tengah Kota Pemalang Jawa Tenga Hitung Tanah,"Pemalang, Pemalang",Pemalang,Pemalang,rumah,395.0,300.0,6.0,4.0,1.0
https://www.rumah123.com/properti/solo-banjarsari/rumah-solo-dijual-area-kadipiro-banjarsari-surakarta-hos41474317/,1900000000.0,"Rumah Solo Dijual Area Kadipiro, Banjarsari, Surakarta","Banjarsari, Solo",Banjarsari,Solo,rumah,350.0,182.0,3.0,3.0,
https://www.rumah123.com/properti/solo-solo-baru/jual-rumah-siap-huni-dekat-the-park-mall-di-solo-baru-hos39803386/,1400000000.0,"Rumah Solo Dijual Siap Huni Dekat The Park Mall di Solo Bar,","Solo Baru, Solo",Solo Baru,Solo,rumah,100.0,80.0,3.0,2.0,1.0
https://www.rumah123.com/properti/solo-solo-baru/rumah-solo-dijual-dekat-rs-indriati-solo-baru-hos41537647/,800000000.0,Rumah Solo Dijual Dekat Rs Indriati Solo Baru,"Solo Baru, Solo",Solo Baru,Solo,rumah,129.0,90.0,3.0,2.0,1.0
https://www.rumah123.com/properti/solo-solo-baru/jual-rumah-siap-huni-dekat-rs-indriati-di-solo-baru-hos39757363/,1750000000.0,Rumah Solo Dijual Siap Huni Dekat Rs Indriati di Solo Baru,"Solo Baru, Solo",Solo Baru,Solo,rumah,246.0,200.0,3.0,1.0,1.0
https://www.rumah123.com/properti/sukoharjo-baki/jual-rumah-minimalis-murah-area-baki-sukoharjo-hos40047021/,350000000.0,"Rumah Solo Dijual, Minimalis Murah Area Baki Sukoharjo","Baki, Sukoharjo",Baki,Sukoharjo,rumah,67.0,50.0,2.0,1.0,1.0
https://www.rumah123.com/properti/solo-banjarsari/jual-rumah-cluster-mewah-2-lantai-di-solo-area-rumah-jokowi-hos39754416/,7000000000.0,"Rumah Solo Dijual, Cluster Mewah 2 Lantai di Solo Area Rumah Jokowi","Banjarsari, Solo",Banjarsari,Solo,rumah,295.0,400.0,6.0,6.0,2.0
https://www.rumah123.com/properti/solo-grogol/jual-rumah-2-lantai-dekat-pusat-bisnis-di-sukoharjo-hos39594448/,1900000000.0,"Rumah Solo Dijual, 2 Lantai Dekat Pusat Bisnis di Sukoharjo","Grogol, Solo",Grogol,Solo,rumah,368.0,353.0,5.0,3.0,2.0
https://www.rumah123.com/properti/solo-solo-baru/jual-rumah-dekat-rs-indriati-di-solo-baru-hos40004441/,1200000000.0,Rumah Solo Dijual Dekat Rs Indriati di Solo Baru,"Solo Baru, Solo",Solo Baru,Solo,rumah,128.0,104.0,2.0,3.0,1.0
https://www.rumah123.com/properti/sukoharjo-baki/jual-rumah-murah-di-baki-sukoharjo-dekat-luwes-gentan-hos39543892/,375000000.0,Rumah Solo Dijual Murah di Baki Sukoharjo Dekat Luwes Gentan,"Baki, Sukoharjo",Baki,Sukoharjo,rumah,90.0,90.0,3.0,1.0,1.0
https://www.rumah123.com/properti/solo-laweyan/rumah-dijual-di-solo-kota-dekat-solo-square-mall-hos40294003/,2600000000.0,Rumah Dijual di Solo Kota Dekat Solo Square Mall,"Laweyan, Solo",Laweyan,Solo,rumah,180.0,180.0,4.0,4.0,1.0
https://www.rumah123.com/properti/sukoharjo-kartasura/jual-rumah-mewah-siap-huni-di-kartasura-sukoharjo-hos40046915/,5700000000.0,"Rumah Mewah Solo Dijual, Siap Huni di Kartasura Sukoharjo","Kartasura, Sukoharjo",Kartasura,Sukoharjo,rumah,910.0,460.0,4.0,4.0,1.0
https://www.rumah123.com/properti/solo-gentan/rumah-solo-dijual-dekatluwes-gentan-sukoharjo-hos41434604/,5400000000.0,"Rumah Solo Dijual, Dekat Luwes Gentan, Sukoharjo","Gentan, Solo",Gentan,Solo,rumah,402.0,625.0,4.0,4.0,
https://www.rumah123.com/properti/sukoharjo-mojolaban/dijual-rumah-baru-harga-murah-dekat-uns-solo-hos40395945/,1020000000.0,"Dijual Rumah Baru Harga Murah Dekat Uns, Solo","Mojolaban, Sukoharjo",Mojolaban,Sukoharjo,rumah,84.0,95.0,3.0,3.0,1.0
https://www.rumah123.com/properti/solo-solo-baru/rumah-solo-dijual-modern-2-lantai-dekat-dr-oen-solo-baru-hos40294277/,2900000000.0,"Rumah Solo Dijual, Modern 2 Lantai Dekat Dr Oen Solo Baru","Solo Baru, Solo",Solo Baru,Solo,rumah,240.0,300.0,4.0,4.0,3.0
https://www.rumah123.com/properti/solo-laweyan/jual-rumah-dekat-solo-grand-mall-di-solo-kota-hos40086780/,4000000000.0,Rumah Solo Dijual Dekat Solo Grand Mall di Solo Kota,"Laweyan, Solo",Laweyan,Solo,rumah,406.0,300.0,6.0,5.0,4.0
https://www.rumah123.com/properti/sukoharjo-kartasura/jual-rumah-siap-huni-di-kartasura-dekat-rs-karima-hos39545178/,1100000000.0,"Rumah Solo Dijual, Siap Huni di Kartasura Dekat Rs Karima Utama","Kartasura, Sukoharjo",Kartasura,Sukoharjo,rumah,150.0,235.0,3.0,3.0,1.0
https://www.rumah123.com/properti/solo-solo-baru/dijual-rumah-murah-dekat-pusat-bisnis-solo-baru-siap-huni-hos40236686/,900000000.0,Rumah Solo Dijual Murah Dekat Pusat Bisnis Solo Baru Siap Huni,"Solo Baru, Solo",Solo Baru,Solo,rumah,104.0,104.0,3.0,2.0,1.0
https://www.rumah123.com/properti/solo-banjarsari/rumah-solo-dijual-dekat-mall-solo-paragon-surakarta-hos41488297/,500000000.0,"Rumah Solo Dijual Dekat Mall Solo Paragon, Surakarta","Banjarsari, Solo",Banjarsari,Solo,rumah,76.0,100.0,4.0,1.0,1.0
https://www.rumah123.com/properti/solo-banjarsari/rumah-solo-dijual-dekat-mall-solo-paragon-surakarta-hos41488156/,2500000000.0,"Rumah Solo Dijual Dekat Mall Solo Paragon, Surakarta","Banjarsari, Solo",Banjarsari,Solo,rumah,155.0,150.0,3.0,2.0,2.0
https://www.rumah123.com/properti/solo-colomadu/rumah-siap-pakai-dekat-de-tjolomadoe-hos40125217/,760000000.0,"Rumah Solo Dijual, Siap Pakai Dekat De Tjolomadoe","Colomadu, Solo",Colomadu,Solo,rumah,128.0,100.0,4.0,2.0,1.0
https://www.rumah123.com/properti/solo-banjarsari/rumah-solo-dijual-dekat-pasar-gede-solo-hos41488180/,3500000000.0,Rumah Solo Dijual Dekat Pasar Gede Solo,"Banjarsari, Solo",Banjarsari,Solo,rumah,236.0,450.0,1.0,3.0,2.0
https://www.rumah123.com/properti/solo-banjarsari/dijual-rumah-mewah-area-stasiun-solo-balapan-hos39252556/,4400000000.0,Dijual Rumah Mewah di Solo Area Stasiun Solo Balapan,"Banjarsari, Solo",Banjarsari,Solo,rumah,363.0,363.0,5.0,6.0,2.0
